0 verbose cli C:\Program Files\nodejs\node.exe C:\Program Files\nodejs\node_modules\npm\bin\npm-cli.js
1 info using npm@11.19.0
2 info using node@v26.7.0
3 silly config load:file:C:\Program Files\nodejs\node_modules\npm\npmrc
4 silly config load:file:C:\Users\G E N O\Downloads\dody-birth\.npmrc
5 silly config load:file:C:\Users\G E N O\.npmrc
6 silly config load:file:C:\Users\G E N O\AppData\Roaming\npm\etc\npmrc
7 verbose title npm install
8 verbose argv "install" "--cache" ".npm-cache" "--prefer-offline"
9 verbose logfile logs-max:10 dir:C:\Users\G E N O\Downloads\dody-birth\.npm-cache\_logs\2026-09-01T20_16_18_568Z-
10 verbose logfile C:\Users\G E N O\Downloads\dody-birth\.npm-cache\_logs\2026-09-01T20_16_18_568Z-debug-0.log
11 silly logfile done cleaning log files
12 silly packumentCache heap:2248146944 maxSize:562036736 maxEntrySize:281018368
13 silly idealTree buildDeps
14 silly fetch manifest @vitejs/plugin-react@4.3.4
15 silly packumentCache full:https://registry.npmjs.org/@vitejs%2fplugin-react cache-miss
16 verbose shrinkwrap failed to load node_modules/.package-lock.json out of date, updated: node_modules
17 http fetch GET 200 https://registry.npmjs.org/@vitejs%2fplugin-react 109ms (cache stale)
18 silly packumentCache full:https://registry.npmjs.org/@vitejs%2fplugin-react set size:284195 disposed:false
19 silly fetch manifest vite@5.4.14
20 silly packumentCache full:https://registry.npmjs.org/vite cache-miss
21 http fetch GET 200 https://registry.npmjs.org/vite 331ms (cache stale)
22 silly packumentCache full:https://registry.npmjs.org/vite set size:38929639 disposed:false
23 silly fetch manifest @types/node@^18.0.0 || >=20.0.0
24 silly packumentCache full:https://registry.npmjs.org/@types%2fnode cache-miss
25 http fetch GET 200 https://registry.npmjs.org/@types%2fnode 118ms (cache stale)
26 silly packumentCache full:https://registry.npmjs.org/@types%2fnode set size:11096266 disposed:false
27 silly fetch manifest less@*
28 silly packumentCache full:https://registry.npmjs.org/less cache-miss
29 http fetch GET 200 https://registry.npmjs.org/less 55ms (cache stale)
30 silly packumentCache full:https://registry.npmjs.org/less set size:500352 disposed:false
31 silly fetch manifest lightningcss@^1.21.0
32 silly packumentCache full:https://registry.npmjs.org/lightningcss cache-miss
33 http fetch GET 200 https://registry.npmjs.org/lightningcss 38ms (cache stale)
34 silly packumentCache full:https://registry.npmjs.org/lightningcss set size:191065 disposed:false
35 silly fetch manifest sass@*
36 silly packumentCache full:https://registry.npmjs.org/sass cache-miss
37 http fetch GET 200 https://registry.npmjs.org/sass 181ms (cache stale)
38 silly packumentCache full:https://registry.npmjs.org/sass set size:747752 disposed:false
39 silly fetch manifest sass-embedded@*
40 silly packumentCache full:https://registry.npmjs.org/sass-embedded cache-miss
41 http fetch GET 200 https://registry.npmjs.org/sass-embedded 125ms (cache stale)
42 silly packumentCache full:https://registry.npmjs.org/sass-embedded set size:428375 disposed:false
43 silly fetch manifest stylus@*
44 silly packumentCache full:https://registry.npmjs.org/stylus cache-miss
45 http fetch GET 200 https://registry.npmjs.org/stylus 54ms (cache stale)
46 silly packumentCache full:https://registry.npmjs.org/stylus set size:286766 disposed:false
47 silly fetch manifest sugarss@*
48 silly packumentCache full:https://registry.npmjs.org/sugarss cache-miss
49 http fetch GET 200 https://registry.npmjs.org/sugarss 12ms (cache stale)
50 silly packumentCache full:https://registry.npmjs.org/sugarss set size:44975 disposed:false
51 silly fetch manifest postcss@^8.3.3
52 silly packumentCache full:https://registry.npmjs.org/postcss cache-miss
53 http fetch GET 200 https://registry.npmjs.org/postcss 90ms (cache stale)
54 silly packumentCache full:https://registry.npmjs.org/postcss set size:760024 disposed:false
55 silly fetch manifest terser@^5.4.0
56 silly packumentCache full:https://registry.npmjs.org/terser cache-miss
57 http fetch GET 200 https://registry.npmjs.org/terser 35ms (cache stale)
58 silly packumentCache full:https://registry.npmjs.org/terser set size:827672 disposed:false
59 silly fetch manifest react@18.3.1
60 silly packumentCache full:https://registry.npmjs.org/react cache-miss
61 http fetch GET 200 https://registry.npmjs.org/react 58ms (cache stale)
62 silly packumentCache full:https://registry.npmjs.org/react set size:6936662 disposed:false
63 silly fetch manifest react-dom@18.3.1
64 silly packumentCache full:https://registry.npmjs.org/react-dom cache-miss
65 http fetch GET 200 https://registry.npmjs.org/react-dom 98ms (cache stale)
66 silly packumentCache full:https://registry.npmjs.org/react-dom set size:9329140 disposed:false
67 silly placeDep ROOT @vitejs/plugin-react@4.3.4 REPLACE for: mawada-memories@1.0.0 want: 4.3.4
68 silly placeDep ROOT vite@5.4.14 OK for: @vitejs/plugin-react@4.3.4 want: ^4.2.0 || ^5.0.0 || ^6.0.0
69 silly placeDep ROOT react@18.3.1 REPLACE for: mawada-memories@1.0.0 want: 18.3.1
70 silly placeDep ROOT react-dom@18.3.1 REPLACE for: mawada-memories@1.0.0 want: 18.3.1
71 silly fetch manifest @babel/core@^7.26.0
72 silly packumentCache full:https://registry.npmjs.org/@babel%2fcore cache-miss
73 silly fetch manifest react-refresh@^0.14.2
74 silly packumentCache full:https://registry.npmjs.org/react-refresh cache-miss
75 silly fetch manifest @types/babel__core@^7.20.5
76 silly packumentCache full:https://registry.npmjs.org/@types%2fbabel__core cache-miss
77 http fetch GET 200 https://registry.npmjs.org/@babel%2fcore 89ms (cache stale)
78 silly packumentCache full:https://registry.npmjs.org/@babel%2fcore set size:788273 disposed:false
79 silly fetch manifest @babel/plugin-transform-react-jsx-self@^7.25.9
80 silly packumentCache full:https://registry.npmjs.org/@babel%2fplugin-transform-react-jsx-self cache-miss
81 http fetch GET 200 https://registry.npmjs.org/@types%2fbabel__core 505ms (cache miss)
82 silly packumentCache full:https://registry.npmjs.org/@types%2fbabel__core set size:undefined disposed:false
83 silly fetch manifest @babel/plugin-transform-react-jsx-source@^7.25.9
84 silly packumentCache full:https://registry.npmjs.org/@babel%2fplugin-transform-react-jsx-source cache-miss
85 http fetch GET 200 https://registry.npmjs.org/@babel%2fplugin-transform-react-jsx-self 408ms (cache miss)
86 silly packumentCache full:https://registry.npmjs.org/@babel%2fplugin-transform-react-jsx-self set size:undefined disposed:false
87 silly fetch manifest rollup@^4.20.0
88 silly packumentCache full:https://registry.npmjs.org/rollup cache-miss
89 http fetch GET 200 https://registry.npmjs.org/@babel%2fplugin-transform-react-jsx-source 119ms (cache miss)
90 silly packumentCache full:https://registry.npmjs.org/@babel%2fplugin-transform-react-jsx-source set size:undefined disposed:false
91 silly fetch manifest esbuild@^0.21.3
92 silly packumentCache full:https://registry.npmjs.org/esbuild cache-miss
93 http fetch GET 200 https://registry.npmjs.org/esbuild 36ms (cache stale)
94 silly packumentCache full:https://registry.npmjs.org/esbuild set size:1264676 disposed:false
95 silly fetch manifest postcss@^8.4.43
96 silly packumentCache full:https://registry.npmjs.org/postcss cache-hit
97 silly fetch manifest fsevents@~2.3.3
98 silly packumentCache full:https://registry.npmjs.org/fsevents cache-miss
99 http fetch GET 200 https://registry.npmjs.org/fsevents 18ms (cache stale)
100 silly packumentCache full:https://registry.npmjs.org/fsevents set size:182472 disposed:false
101 silly fetch manifest loose-envify@^1.1.0
102 silly packumentCache full:https://registry.npmjs.org/loose-envify cache-miss
103 http fetch GET 200 https://registry.npmjs.org/loose-envify 140ms (cache miss)
104 silly packumentCache full:https://registry.npmjs.org/loose-envify set size:undefined disposed:false
105 silly fetch manifest scheduler@^0.23.2
106 silly packumentCache full:https://registry.npmjs.org/scheduler cache-miss
107 http fetch GET 200 https://registry.npmjs.org/scheduler 53ms (cache stale)
108 silly packumentCache full:https://registry.npmjs.org/scheduler set size:5726953 disposed:false
109 http fetch GET 200 https://registry.npmjs.org/rollup 976ms (cache miss)
110 silly packumentCache full:https://registry.npmjs.org/rollup set size:undefined disposed:false
111 http fetch GET 200 https://registry.npmjs.org/react-refresh 1684ms (cache miss)
112 silly packumentCache full:https://registry.npmjs.org/react-refresh set size:undefined disposed:false
113 silly placeDep ROOT @babel/core@7.29.7 OK for: @vitejs/plugin-react@4.3.4 want: ^7.26.0
114 silly placeDep ROOT @babel/plugin-transform-react-jsx-self@7.29.7 OK for: @vitejs/plugin-react@4.3.4 want: ^7.25.9
115 silly placeDep ROOT @babel/plugin-transform-react-jsx-source@7.29.7 OK for: @vitejs/plugin-react@4.3.4 want: ^7.25.9
116 silly placeDep ROOT @types/babel__core@7.20.5 OK for: @vitejs/plugin-react@4.3.4 want: ^7.20.5
117 silly placeDep ROOT react-refresh@0.14.2 OK for: @vitejs/plugin-react@4.3.4 want: ^0.14.2
118 silly fetch manifest debug@^4.1.0
119 silly packumentCache full:https://registry.npmjs.org/debug cache-miss
120 silly fetch manifest json5@^2.2.3
121 silly packumentCache full:https://registry.npmjs.org/json5 cache-miss
122 silly fetch manifest semver@^6.3.1
123 silly packumentCache full:https://registry.npmjs.org/semver cache-miss
124 http fetch GET 200 https://registry.npmjs.org/json5 138ms (cache miss)
125 silly packumentCache full:https://registry.npmjs.org/json5 set size:undefined disposed:false
126 silly fetch manifest gensync@^1.0.0-beta.2
127 silly packumentCache full:https://registry.npmjs.org/gensync cache-miss
128 http fetch GET 200 https://registry.npmjs.org/debug 147ms (cache miss)
129 silly packumentCache full:https://registry.npmjs.org/debug set size:undefined disposed:false
130 silly fetch manifest @babel/types@^7.29.7
131 silly packumentCache full:https://registry.npmjs.org/@babel%2ftypes cache-miss
132 http fetch GET 200 https://registry.npmjs.org/semver 180ms (cache miss)
133 silly packumentCache full:https://registry.npmjs.org/semver set size:undefined disposed:false
134 silly fetch manifest @babel/parser@^7.29.7
135 silly packumentCache full:https://registry.npmjs.org/@babel%2fparser cache-miss
136 http fetch GET 200 https://registry.npmjs.org/gensync 106ms (cache miss)
137 silly packumentCache full:https://registry.npmjs.org/gensync set size:undefined disposed:false
138 silly fetch manifest @babel/helpers@^7.29.7
139 silly packumentCache full:https://registry.npmjs.org/@babel%2fhelpers cache-miss
140 http fetch GET 200 https://registry.npmjs.org/@babel%2ftypes 178ms (cache miss)
141 silly packumentCache full:https://registry.npmjs.org/@babel%2ftypes set size:undefined disposed:false
142 silly fetch manifest @babel/template@^7.29.7
143 silly packumentCache full:https://registry.npmjs.org/@babel%2ftemplate cache-miss
144 http fetch GET 200 https://registry.npmjs.org/@babel%2fparser 195ms (cache miss)
145 silly packumentCache full:https://registry.npmjs.org/@babel%2fparser set size:undefined disposed:false
146 silly fetch manifest @babel/traverse@^7.29.7
147 silly packumentCache full:https://registry.npmjs.org/@babel%2ftraverse cache-miss
148 http fetch GET 200 https://registry.npmjs.org/@babel%2fhelpers 212ms (cache miss)
149 silly packumentCache full:https://registry.npmjs.org/@babel%2fhelpers set size:undefined disposed:false
150 silly fetch manifest @babel/generator@^7.29.7
151 silly packumentCache full:https://registry.npmjs.org/@babel%2fgenerator cache-miss
152 http fetch GET 200 https://registry.npmjs.org/@babel%2ftemplate 158ms (cache miss)
153 silly packumentCache full:https://registry.npmjs.org/@babel%2ftemplate set size:undefined disposed:false
154 silly fetch manifest @babel/code-frame@^7.29.7
155 silly packumentCache full:https://registry.npmjs.org/@babel%2fcode-frame cache-miss
156 http fetch GET 200 https://registry.npmjs.org/@babel%2ftraverse 194ms (cache miss)
157 silly packumentCache full:https://registry.npmjs.org/@babel%2ftraverse set size:undefined disposed:false
158 silly fetch manifest convert-source-map@^2.0.0
159 silly packumentCache full:https://registry.npmjs.org/convert-source-map cache-miss
160 http fetch GET 200 https://registry.npmjs.org/@babel%2fcode-frame 125ms (cache miss)
161 silly packumentCache full:https://registry.npmjs.org/@babel%2fcode-frame set size:undefined disposed:false
162 silly fetch manifest @jridgewell/remapping@^2.3.5
163 silly packumentCache full:https://registry.npmjs.org/@jridgewell%2fremapping cache-miss
164 http fetch GET 200 https://registry.npmjs.org/@babel%2fgenerator 212ms (cache miss)
165 silly packumentCache full:https://registry.npmjs.org/@babel%2fgenerator set size:undefined disposed:false
166 silly fetch manifest @babel/helper-module-transforms@^7.29.7
167 silly packumentCache full:https://registry.npmjs.org/@babel%2fhelper-module-transforms cache-miss
168 http fetch GET 200 https://registry.npmjs.org/convert-source-map 378ms (cache miss)
169 silly packumentCache full:https://registry.npmjs.org/convert-source-map set size:undefined disposed:false
170 silly fetch manifest @babel/helper-compilation-targets@^7.29.7
171 silly packumentCache full:https://registry.npmjs.org/@babel%2fhelper-compilation-targets cache-miss
172 http fetch GET 200 https://registry.npmjs.org/@jridgewell%2fremapping 419ms (cache miss)
173 silly packumentCache full:https://registry.npmjs.org/@jridgewell%2fremapping set size:undefined disposed:false
174 silly fetch manifest @babel/helper-plugin-utils@^7.29.7
175 silly packumentCache full:https://registry.npmjs.org/@babel%2fhelper-plugin-utils cache-miss
176 http fetch GET 200 https://registry.npmjs.org/@babel%2fhelper-module-transforms 495ms (cache miss)
177 silly packumentCache full:https://registry.npmjs.org/@babel%2fhelper-module-transforms set size:undefined disposed:false
178 silly fetch manifest @babel/helper-plugin-utils@^7.29.7
179 silly packumentCache full:https://registry.npmjs.org/@babel%2fhelper-plugin-utils cache-miss
180 http fetch GET 200 https://registry.npmjs.org/@babel%2fhelper-compilation-targets 242ms (cache miss)
181 silly packumentCache full:https://registry.npmjs.org/@babel%2fhelper-compilation-targets set size:undefined disposed:false
182 silly fetch manifest @babel/types@^7.20.7
183 silly packumentCache full:https://registry.npmjs.org/@babel%2ftypes cache-miss
184 http cache https://registry.npmjs.org/@babel%2ftypes 55ms (cache hit)
185 silly packumentCache full:https://registry.npmjs.org/@babel%2ftypes set size:502938 disposed:false
186 silly fetch manifest @babel/parser@^7.20.7
187 silly packumentCache full:https://registry.npmjs.org/@babel%2fparser cache-miss
188 http cache https://registry.npmjs.org/@babel%2fparser 9ms (cache hit)
189 silly packumentCache full:https://registry.npmjs.org/@babel%2fparser set size:737961 disposed:false
190 silly fetch manifest @types/babel__template@*
191 silly packumentCache full:https://registry.npmjs.org/@types%2fbabel__template cache-miss
192 http fetch GET 200 https://registry.npmjs.org/@babel%2fhelper-plugin-utils 163ms (cache miss)
193 silly packumentCache full:https://registry.npmjs.org/@babel%2fhelper-plugin-utils set size:undefined disposed:false
194 silly fetch manifest @types/babel__traverse@*
195 silly packumentCache full:https://registry.npmjs.org/@types%2fbabel__traverse cache-miss
196 http fetch GET 200 https://registry.npmjs.org/@babel%2fhelper-plugin-utils 317ms (cache miss)
197 silly packumentCache full:https://registry.npmjs.org/@babel%2fhelper-plugin-utils set size:undefined disposed:false
198 silly fetch manifest @types/babel__generator@*
199 silly packumentCache full:https://registry.npmjs.org/@types%2fbabel__generator cache-miss
200 http fetch GET 200 https://registry.npmjs.org/@types%2fbabel__template 113ms (cache miss)
201 silly packumentCache full:https://registry.npmjs.org/@types%2fbabel__template set size:undefined disposed:false
202 http fetch GET 200 https://registry.npmjs.org/@types%2fbabel__generator 93ms (cache miss)
203 silly packumentCache full:https://registry.npmjs.org/@types%2fbabel__generator set size:undefined disposed:false
204 http fetch GET 200 https://registry.npmjs.org/@types%2fbabel__traverse 100ms (cache miss)
205 silly packumentCache full:https://registry.npmjs.org/@types%2fbabel__traverse set size:undefined disposed:false
206 silly fetch manifest @babel/core@^7.0.0
207 silly packumentCache full:https://registry.npmjs.org/@babel%2fcore cache-hit
208 silly placeDep ROOT @babel/code-frame@7.29.7 OK for: @babel/core@7.29.7 want: ^7.29.7
209 silly placeDep ROOT @babel/generator@7.29.8 OK for: @babel/core@7.29.7 want: ^7.29.7
210 silly placeDep ROOT @babel/helper-compilation-targets@7.29.7 OK for: @babel/core@7.29.7 want: ^7.29.7
211 silly placeDep ROOT @babel/helper-module-transforms@7.29.7 OK for: @babel/core@7.29.7 want: ^7.29.7
212 silly placeDep ROOT @babel/helpers@7.29.7 OK for: @babel/core@7.29.7 want: ^7.29.7
213 silly placeDep ROOT @babel/parser@7.29.8 OK for: @babel/core@7.29.7 want: ^7.29.7
214 silly placeDep ROOT @babel/template@7.29.7 OK for: @babel/core@7.29.7 want: ^7.29.7
215 silly placeDep ROOT @babel/traverse@7.29.8 OK for: @babel/core@7.29.7 want: ^7.29.7
216 silly placeDep ROOT @babel/types@7.29.8 OK for: @babel/core@7.29.7 want: ^7.29.7
217 silly placeDep ROOT @jridgewell/remapping@2.3.5 OK for: @babel/core@7.29.7 want: ^2.3.5
218 silly placeDep ROOT convert-source-map@2.0.0 OK for: @babel/core@7.29.7 want: ^2.0.0
219 silly placeDep ROOT debug@4.4.3 OK for: @babel/core@7.29.7 want: ^4.1.0
220 silly placeDep ROOT gensync@1.0.0-beta.2 OK for: @babel/core@7.29.7 want: ^1.0.0-beta.2
221 silly placeDep ROOT json5@2.2.3 OK for: @babel/core@7.29.7 want: ^2.2.3
222 silly placeDep ROOT semver@6.3.1 OK for: @babel/core@7.29.7 want: ^6.3.1
223 silly fetch manifest js-tokens@^4.0.0
224 silly packumentCache full:https://registry.npmjs.org/js-tokens cache-miss
225 silly fetch manifest picocolors@^1.1.1
226 silly packumentCache full:https://registry.npmjs.org/picocolors cache-miss
227 silly fetch manifest @babel/helper-validator-identifier@^7.29.7
228 silly packumentCache full:https://registry.npmjs.org/@babel%2fhelper-validator-identifier cache-miss
229 http fetch GET 200 https://registry.npmjs.org/picocolors 17ms (cache stale)
230 silly packumentCache full:https://registry.npmjs.org/picocolors set size:16648 disposed:false
231 silly fetch manifest jsesc@^3.0.2
232 silly packumentCache full:https://registry.npmjs.org/jsesc cache-miss
233 http fetch GET 200 https://registry.npmjs.org/js-tokens 104ms (cache miss)
234 silly packumentCache full:https://registry.npmjs.org/js-tokens set size:undefined disposed:false
235 silly fetch manifest @babel/types@^7.29.8
236 silly packumentCache full:https://registry.npmjs.org/@babel%2ftypes cache-hit
237 silly fetch manifest @babel/parser@^7.29.8
238 silly packumentCache full:https://registry.npmjs.org/@babel%2fparser cache-hit
239 silly fetch manifest @jridgewell/gen-mapping@^0.3.12
240 silly packumentCache full:https://registry.npmjs.org/@jridgewell%2fgen-mapping cache-miss
241 http fetch GET 200 https://registry.npmjs.org/@babel%2fhelper-validator-identifier 115ms (cache miss)
242 silly packumentCache full:https://registry.npmjs.org/@babel%2fhelper-validator-identifier set size:undefined disposed:false
243 silly fetch manifest @jridgewell/trace-mapping@^0.3.28
244 silly packumentCache full:https://registry.npmjs.org/@jridgewell%2ftrace-mapping cache-miss
245 http fetch GET 200 https://registry.npmjs.org/jsesc 109ms (cache miss)
246 silly packumentCache full:https://registry.npmjs.org/jsesc set size:undefined disposed:false
247 silly fetch manifest lru-cache@^5.1.1
248 silly packumentCache full:https://registry.npmjs.org/lru-cache cache-miss
249 http fetch GET 200 https://registry.npmjs.org/@jridgewell%2fgen-mapping 91ms (cache miss)
250 silly packumentCache full:https://registry.npmjs.org/@jridgewell%2fgen-mapping set size:undefined disposed:false
251 silly fetch manifest browserslist@^4.24.0
252 silly packumentCache full:https://registry.npmjs.org/browserslist cache-miss
253 http fetch GET 200 https://registry.npmjs.org/@jridgewell%2ftrace-mapping 134ms (cache miss)
254 silly packumentCache full:https://registry.npmjs.org/@jridgewell%2ftrace-mapping set size:undefined disposed:false
255 silly fetch manifest @babel/compat-data@^7.29.7
256 silly packumentCache full:https://registry.npmjs.org/@babel%2fcompat-data cache-miss
257 http fetch GET 200 https://registry.npmjs.org/lru-cache 142ms (cache miss)
258 silly packumentCache full:https://registry.npmjs.org/lru-cache set size:undefined disposed:false
259 silly fetch manifest @babel/helper-validator-option@^7.29.7
260 silly packumentCache full:https://registry.npmjs.org/@babel%2fhelper-validator-option cache-miss
261 http fetch GET 200 https://registry.npmjs.org/browserslist 147ms (cache miss)
262 silly packumentCache full:https://registry.npmjs.org/browserslist set size:undefined disposed:false
263 silly fetch manifest @babel/helper-module-imports@^7.29.7
264 silly packumentCache full:https://registry.npmjs.org/@babel%2fhelper-module-imports cache-miss
265 http fetch GET 200 https://registry.npmjs.org/@babel%2fcompat-data 142ms (cache miss)
266 silly packumentCache full:https://registry.npmjs.org/@babel%2fcompat-data set size:undefined disposed:false
267 silly fetch manifest debug@^4.3.1
268 silly packumentCache full:https://registry.npmjs.org/debug cache-miss
269 http cache https://registry.npmjs.org/debug 14ms (cache hit)
270 silly packumentCache full:https://registry.npmjs.org/debug set size:195840 disposed:false
271 silly fetch manifest @babel/helper-globals@^7.29.7
272 silly packumentCache full:https://registry.npmjs.org/@babel%2fhelper-globals cache-miss
273 http fetch GET 200 https://registry.npmjs.org/@babel%2fhelper-validator-option 153ms (cache miss)
274 silly packumentCache full:https://registry.npmjs.org/@babel%2fhelper-validator-option set size:undefined disposed:false
275 silly fetch manifest @babel/helper-string-parser@^7.29.7
276 silly packumentCache full:https://registry.npmjs.org/@babel%2fhelper-string-parser cache-miss
277 http fetch GET 200 https://registry.npmjs.org/@babel%2fhelper-module-imports 114ms (cache miss)
278 silly packumentCache full:https://registry.npmjs.org/@babel%2fhelper-module-imports set size:undefined disposed:false
279 silly fetch manifest @jridgewell/gen-mapping@^0.3.5
280 silly packumentCache full:https://registry.npmjs.org/@jridgewell%2fgen-mapping cache-miss
281 http cache https://registry.npmjs.org/@jridgewell%2fgen-mapping 10ms (cache hit)
282 silly packumentCache full:https://registry.npmjs.org/@jridgewell%2fgen-mapping set size:75941 disposed:false
283 silly fetch manifest @jridgewell/trace-mapping@^0.3.24
284 silly packumentCache full:https://registry.npmjs.org/@jridgewell%2ftrace-mapping cache-miss
285 http cache https://registry.npmjs.org/@jridgewell%2ftrace-mapping 8ms (cache hit)
286 silly packumentCache full:https://registry.npmjs.org/@jridgewell%2ftrace-mapping set size:170909 disposed:false
287 silly fetch manifest ms@^2.1.3
288 silly packumentCache full:https://registry.npmjs.org/ms cache-miss
289 http fetch GET 200 https://registry.npmjs.org/@babel%2fhelper-globals 95ms (cache miss)
290 silly packumentCache full:https://registry.npmjs.org/@babel%2fhelper-globals set size:undefined disposed:false
291 http fetch GET 200 https://registry.npmjs.org/@babel%2fhelper-string-parser 105ms (cache miss)
292 silly packumentCache full:https://registry.npmjs.org/@babel%2fhelper-string-parser set size:undefined disposed:false
293 http fetch GET 200 https://registry.npmjs.org/ms 82ms (cache miss)
294 silly packumentCache full:https://registry.npmjs.org/ms set size:undefined disposed:false
295 silly placeDep ROOT @babel/helper-validator-identifier@7.29.7 OK for: @babel/code-frame@7.29.7 want: ^7.29.7
296 silly placeDep ROOT js-tokens@4.0.0 OK for: @babel/code-frame@7.29.7 want: ^4.0.0
297 silly placeDep ROOT picocolors@1.1.1 OK for: @babel/code-frame@7.29.7 want: ^1.1.1
298 silly placeDep ROOT @jridgewell/gen-mapping@0.3.13 OK for: @babel/generator@7.29.8 want: ^0.3.12
299 silly placeDep ROOT @jridgewell/trace-mapping@0.3.31 OK for: @babel/generator@7.29.8 want: ^0.3.28
300 silly placeDep ROOT jsesc@3.1.0 OK for: @babel/generator@7.29.8 want: ^3.0.2
301 silly fetch manifest @jridgewell/sourcemap-codec@^1.5.0
302 silly packumentCache full:https://registry.npmjs.org/@jridgewell%2fsourcemap-codec cache-miss
303 silly fetch manifest @jridgewell/resolve-uri@^3.1.0
304 silly packumentCache full:https://registry.npmjs.org/@jridgewell%2fresolve-uri cache-miss
305 silly fetch manifest @jridgewell/sourcemap-codec@^1.4.14
306 silly packumentCache full:https://registry.npmjs.org/@jridgewell%2fsourcemap-codec cache-miss
307 http fetch GET 200 https://registry.npmjs.org/@jridgewell%2fsourcemap-codec 126ms (cache miss)
308 silly packumentCache full:https://registry.npmjs.org/@jridgewell%2fsourcemap-codec set size:undefined disposed:false
309 http fetch GET 200 https://registry.npmjs.org/@jridgewell%2fsourcemap-codec 137ms (cache miss)
310 silly packumentCache full:https://registry.npmjs.org/@jridgewell%2fsourcemap-codec set size:undefined disposed:false
311 http fetch GET 200 https://registry.npmjs.org/@jridgewell%2fresolve-uri 150ms (cache miss)
312 silly packumentCache full:https://registry.npmjs.org/@jridgewell%2fresolve-uri set size:undefined disposed:false
313 silly placeDep ROOT @babel/compat-data@7.29.7 OK for: @babel/helper-compilation-targets@7.29.7 want: ^7.29.7
314 silly placeDep ROOT @babel/helper-validator-option@7.29.7 OK for: @babel/helper-compilation-targets@7.29.7 want: ^7.29.7
315 silly placeDep ROOT browserslist@4.28.8 OK for: @babel/helper-compilation-targets@7.29.7 want: ^4.24.0
316 silly placeDep ROOT lru-cache@5.1.1 OK for: @babel/helper-compilation-targets@7.29.7 want: ^5.1.1
317 silly fetch manifest caniuse-lite@^1.0.30001809
318 silly packumentCache full:https://registry.npmjs.org/caniuse-lite cache-miss
319 silly fetch manifest node-releases@^2.0.53
320 silly packumentCache full:https://registry.npmjs.org/node-releases cache-miss
321 silly fetch manifest electron-to-chromium@^1.5.402
322 silly packumentCache full:https://registry.npmjs.org/electron-to-chromium cache-miss
323 http fetch GET 200 https://registry.npmjs.org/node-releases 382ms (cache miss)
324 silly packumentCache full:https://registry.npmjs.org/node-releases set size:undefined disposed:false
325 silly fetch manifest update-browserslist-db@^1.3.0
326 silly packumentCache full:https://registry.npmjs.org/update-browserslist-db cache-miss
327 http fetch GET 200 https://registry.npmjs.org/update-browserslist-db 236ms (cache miss)
328 silly packumentCache full:https://registry.npmjs.org/update-browserslist-db set size:undefined disposed:false
329 silly fetch manifest baseline-browser-mapping@^2.11.12
330 silly packumentCache full:https://registry.npmjs.org/baseline-browser-mapping cache-miss
331 http fetch GET 200 https://registry.npmjs.org/baseline-browser-mapping 433ms (cache miss)
332 silly packumentCache full:https://registry.npmjs.org/baseline-browser-mapping set size:undefined disposed:false
333 silly fetch manifest yallist@^3.0.2
334 silly packumentCache full:https://registry.npmjs.org/yallist cache-miss
335 http fetch GET 200 https://registry.npmjs.org/caniuse-lite 1286ms (cache miss)
336 silly packumentCache full:https://registry.npmjs.org/caniuse-lite set size:undefined disposed:false
337 http fetch GET 200 https://registry.npmjs.org/yallist 379ms (cache miss)
338 silly packumentCache full:https://registry.npmjs.org/yallist set size:undefined disposed:false
339 http fetch GET 200 https://registry.npmjs.org/electron-to-chromium 2377ms (cache miss)
340 silly packumentCache full:https://registry.npmjs.org/electron-to-chromium set size:undefined disposed:false
341 silly placeDep ROOT @babel/helper-module-imports@7.29.7 OK for: @babel/helper-module-transforms@7.29.7 want: ^7.29.7
342 silly placeDep ROOT @babel/helper-plugin-utils@7.29.7 OK for: @babel/plugin-transform-react-jsx-self@7.29.7 want: ^7.29.7
343 silly placeDep ROOT @babel/helper-globals@7.29.7 OK for: @babel/traverse@7.29.8 want: ^7.29.7
344 silly placeDep ROOT @babel/helper-string-parser@7.29.7 OK for: @babel/types@7.29.8 want: ^7.29.7
345 silly placeDep ROOT @jridgewell/sourcemap-codec@1.6.0 OK for: @jridgewell/gen-mapping@0.3.13 want: ^1.5.0
346 silly placeDep ROOT @jridgewell/resolve-uri@3.1.2 OK for: @jridgewell/trace-mapping@0.3.31 want: ^3.1.0
347 silly placeDep ROOT @types/babel__generator@7.27.0 OK for: @types/babel__core@7.20.5 want: *
348 silly placeDep ROOT @types/babel__template@7.4.4 OK for: @types/babel__core@7.20.5 want: *
349 silly placeDep ROOT @types/babel__traverse@7.28.0 OK for: @types/babel__core@7.20.5 want: *
350 silly fetch manifest browserslist@>= 4.21.0
351 silly packumentCache full:https://registry.npmjs.org/browserslist cache-miss
352 http cache https://registry.npmjs.org/browserslist 11ms (cache hit)
353 silly packumentCache full:https://registry.npmjs.org/browserslist set size:518659 disposed:false
354 silly placeDep ROOT baseline-browser-mapping@2.11.20 OK for: browserslist@4.28.8 want: ^2.11.12
355 silly placeDep ROOT caniuse-lite@1.0.30001810 OK for: browserslist@4.28.8 want: ^1.0.30001809
356 silly placeDep ROOT electron-to-chromium@1.5.419 OK for: browserslist@4.28.8 want: ^1.5.402
357 silly placeDep ROOT node-releases@2.0.54 OK for: browserslist@4.28.8 want: ^2.0.53
358 silly placeDep ROOT update-browserslist-db@1.3.2 OK for: browserslist@4.28.8 want: ^1.3.0
359 silly fetch manifest escalade@^3.2.0
360 silly packumentCache full:https://registry.npmjs.org/escalade cache-miss
361 http fetch GET 200 https://registry.npmjs.org/escalade 189ms (cache miss)
362 silly packumentCache full:https://registry.npmjs.org/escalade set size:undefined disposed:false
363 silly placeDep ROOT ms@2.1.3 OK for: debug@4.4.3 want: ^2.1.3
364 silly placeDep ROOT yallist@3.1.1 OK for: lru-cache@5.1.1 want: ^3.0.2
365 silly placeDep ROOT loose-envify@1.4.0 OK for: react@18.3.1 want: ^1.1.0
366 silly placeDep ROOT scheduler@0.23.2 OK for: react-dom@18.3.1 want: ^0.23.2
367 silly placeDep ROOT escalade@3.2.0 OK for: update-browserslist-db@1.3.2 want: ^3.2.0
368 silly placeDep ROOT esbuild@0.21.5 OK for: vite@5.4.14 want: ^0.21.3
369 silly placeDep ROOT fsevents@2.3.3 OK for: vite@5.4.14 want: ~2.3.3
370 silly placeDep ROOT postcss@8.5.26 OK for: vite@5.4.14 want: ^8.4.43
371 silly placeDep ROOT rollup@4.63.1 OK for: vite@5.4.14 want: ^4.20.0
372 silly fetch manifest @esbuild/aix-ppc64@0.21.5
373 silly packumentCache full:https://registry.npmjs.org/@esbuild%2faix-ppc64 cache-miss
374 silly fetch manifest @esbuild/linux-arm@0.21.5
375 silly packumentCache full:https://registry.npmjs.org/@esbuild%2flinux-arm cache-miss
376 silly fetch manifest @esbuild/linux-x64@0.21.5
377 silly packumentCache full:https://registry.npmjs.org/@esbuild%2flinux-x64 cache-miss
378 http fetch GET 200 https://registry.npmjs.org/@esbuild%2faix-ppc64 178ms (cache miss)
379 silly packumentCache full:https://registry.npmjs.org/@esbuild%2faix-ppc64 set size:undefined disposed:false
380 silly fetch manifest @esbuild/sunos-x64@0.21.5
381 silly packumentCache full:https://registry.npmjs.org/@esbuild%2fsunos-x64 cache-miss
382 http fetch GET 200 https://registry.npmjs.org/@esbuild%2flinux-x64 210ms (cache miss)
383 silly packumentCache full:https://registry.npmjs.org/@esbuild%2flinux-x64 set size:undefined disposed:false
384 silly fetch manifest @esbuild/win32-x64@0.21.5
385 silly packumentCache full:https://registry.npmjs.org/@esbuild%2fwin32-x64 cache-miss
386 http fetch GET 200 https://registry.npmjs.org/@esbuild%2flinux-arm 231ms (cache miss)
387 silly packumentCache full:https://registry.npmjs.org/@esbuild%2flinux-arm set size:undefined disposed:false
388 silly fetch manifest @esbuild/darwin-x64@0.21.5
389 silly packumentCache full:https://registry.npmjs.org/@esbuild%2fdarwin-x64 cache-miss
390 http fetch GET 200 https://registry.npmjs.org/@esbuild%2fsunos-x64 158ms (cache miss)
391 silly packumentCache full:https://registry.npmjs.org/@esbuild%2fsunos-x64 set size:undefined disposed:false
392 silly fetch manifest @esbuild/linux-ia32@0.21.5
393 silly packumentCache full:https://registry.npmjs.org/@esbuild%2flinux-ia32 cache-miss
394 http fetch GET 200 https://registry.npmjs.org/@esbuild%2fwin32-x64 172ms (cache miss)
395 silly packumentCache full:https://registry.npmjs.org/@esbuild%2fwin32-x64 set size:undefined disposed:false
396 silly fetch manifest @esbuild/netbsd-x64@0.21.5
397 silly packumentCache full:https://registry.npmjs.org/@esbuild%2fnetbsd-x64 cache-miss
398 http fetch GET 200 https://registry.npmjs.org/@esbuild%2fdarwin-x64 169ms (cache miss)
399 silly packumentCache full:https://registry.npmjs.org/@esbuild%2fdarwin-x64 set size:undefined disposed:false
400 silly fetch manifest @esbuild/win32-ia32@0.21.5
401 silly packumentCache full:https://registry.npmjs.org/@esbuild%2fwin32-ia32 cache-miss
402 http fetch GET 200 https://registry.npmjs.org/@esbuild%2flinux-ia32 226ms (cache miss)
403 silly packumentCache full:https://registry.npmjs.org/@esbuild%2flinux-ia32 set size:undefined disposed:false
404 silly fetch manifest @esbuild/android-arm@0.21.5
405 silly packumentCache full:https://registry.npmjs.org/@esbuild%2fandroid-arm cache-miss
406 http fetch GET 200 https://registry.npmjs.org/@esbuild%2fnetbsd-x64 194ms (cache miss)
407 silly packumentCache full:https://registry.npmjs.org/@esbuild%2fnetbsd-x64 set size:undefined disposed:false
408 silly fetch manifest @esbuild/android-x64@0.21.5
409 silly packumentCache full:https://registry.npmjs.org/@esbuild%2fandroid-x64 cache-miss
410 http fetch GET 200 https://registry.npmjs.org/@esbuild%2fwin32-ia32 199ms (cache miss)
411 silly packumentCache full:https://registry.npmjs.org/@esbuild%2fwin32-ia32 set size:undefined disposed:false
412 silly fetch manifest @esbuild/freebsd-x64@0.21.5
413 silly packumentCache full:https://registry.npmjs.org/@esbuild%2ffreebsd-x64 cache-miss
414 http fetch GET 200 https://registry.npmjs.org/@esbuild%2fandroid-arm 150ms (cache miss)
415 silly packumentCache full:https://registry.npmjs.org/@esbuild%2fandroid-arm set size:undefined disposed:false
416 silly fetch manifest @esbuild/linux-arm64@0.21.5
417 silly packumentCache full:https://registry.npmjs.org/@esbuild%2flinux-arm64 cache-miss
418 http fetch GET 200 https://registry.npmjs.org/@esbuild%2fandroid-x64 142ms (cache miss)
419 silly packumentCache full:https://registry.npmjs.org/@esbuild%2fandroid-x64 set size:undefined disposed:false
420 silly fetch manifest @esbuild/linux-ppc64@0.21.5
421 silly packumentCache full:https://registry.npmjs.org/@esbuild%2flinux-ppc64 cache-miss
422 http fetch GET 200 https://registry.npmjs.org/@esbuild%2ffreebsd-x64 172ms (cache miss)
423 silly packumentCache full:https://registry.npmjs.org/@esbuild%2ffreebsd-x64 set size:undefined disposed:false
424 silly fetch manifest @esbuild/linux-s390x@0.21.5
425 silly packumentCache full:https://registry.npmjs.org/@esbuild%2flinux-s390x cache-miss
426 http fetch GET 200 https://registry.npmjs.org/@esbuild%2flinux-ppc64 158ms (cache miss)
427 silly packumentCache full:https://registry.npmjs.org/@esbuild%2flinux-ppc64 set size:undefined disposed:false
428 silly fetch manifest @esbuild/openbsd-x64@0.21.5
429 silly packumentCache full:https://registry.npmjs.org/@esbuild%2fopenbsd-x64 cache-miss
430 http fetch GET 200 https://registry.npmjs.org/@esbuild%2flinux-arm64 173ms (cache miss)
431 silly packumentCache full:https://registry.npmjs.org/@esbuild%2flinux-arm64 set size:undefined disposed:false
432 silly fetch manifest @esbuild/win32-arm64@0.21.5
433 silly packumentCache full:https://registry.npmjs.org/@esbuild%2fwin32-arm64 cache-miss
434 http fetch GET 200 https://registry.npmjs.org/@esbuild%2flinux-s390x 182ms (cache miss)
435 silly packumentCache full:https://registry.npmjs.org/@esbuild%2flinux-s390x set size:undefined disposed:false
436 silly fetch manifest @esbuild/darwin-arm64@0.21.5
437 silly packumentCache full:https://registry.npmjs.org/@esbuild%2fdarwin-arm64 cache-miss
438 http fetch GET 200 https://registry.npmjs.org/@esbuild%2fopenbsd-x64 231ms (cache miss)
439 silly packumentCache full:https://registry.npmjs.org/@esbuild%2fopenbsd-x64 set size:undefined disposed:false
440 silly fetch manifest @esbuild/android-arm64@0.21.5
441 silly packumentCache full:https://registry.npmjs.org/@esbuild%2fandroid-arm64 cache-miss
442 http fetch GET 200 https://registry.npmjs.org/@esbuild%2fwin32-arm64 233ms (cache miss)
443 silly packumentCache full:https://registry.npmjs.org/@esbuild%2fwin32-arm64 set size:undefined disposed:false
444 silly fetch manifest @esbuild/freebsd-arm64@0.21.5
445 silly packumentCache full:https://registry.npmjs.org/@esbuild%2ffreebsd-arm64 cache-miss
446 http fetch GET 200 https://registry.npmjs.org/@esbuild%2fdarwin-arm64 383ms (cache miss)
447 silly packumentCache full:https://registry.npmjs.org/@esbuild%2fdarwin-arm64 set size:undefined disposed:false
448 silly fetch manifest @esbuild/linux-loong64@0.21.5
449 silly packumentCache full:https://registry.npmjs.org/@esbuild%2flinux-loong64 cache-miss
450 http fetch GET 200 https://registry.npmjs.org/@esbuild%2ffreebsd-arm64 301ms (cache miss)
451 silly packumentCache full:https://registry.npmjs.org/@esbuild%2ffreebsd-arm64 set size:undefined disposed:false
452 silly fetch manifest @esbuild/linux-riscv64@0.21.5
453 silly packumentCache full:https://registry.npmjs.org/@esbuild%2flinux-riscv64 cache-miss
454 http fetch GET 200 https://registry.npmjs.org/@esbuild%2fandroid-arm64 319ms (cache miss)
455 silly packumentCache full:https://registry.npmjs.org/@esbuild%2fandroid-arm64 set size:undefined disposed:false
456 silly fetch manifest @esbuild/linux-mips64el@0.21.5
457 silly packumentCache full:https://registry.npmjs.org/@esbuild%2flinux-mips64el cache-miss
458 http fetch GET 200 https://registry.npmjs.org/@esbuild%2flinux-loong64 313ms (cache miss)
459 silly packumentCache full:https://registry.npmjs.org/@esbuild%2flinux-loong64 set size:undefined disposed:false
460 silly fetch manifest nanoid@^3.3.17
461 silly packumentCache full:https://registry.npmjs.org/nanoid cache-miss
462 http fetch GET 200 https://registry.npmjs.org/@esbuild%2flinux-riscv64 279ms (cache miss)
463 silly packumentCache full:https://registry.npmjs.org/@esbuild%2flinux-riscv64 set size:undefined disposed:false
464 silly fetch manifest source-map-js@^1.2.1
465 silly packumentCache full:https://registry.npmjs.org/source-map-js cache-miss
466 http fetch GET 200 https://registry.npmjs.org/nanoid 36ms (cache stale)
467 silly packumentCache full:https://registry.npmjs.org/nanoid set size:342705 disposed:false
468 silly fetch manifest @types/estree@1.0.9
469 silly packumentCache full:https://registry.npmjs.org/@types%2festree cache-miss
470 http fetch GET 200 https://registry.npmjs.org/@esbuild%2flinux-mips64el 305ms (cache miss)
471 silly packumentCache full:https://registry.npmjs.org/@esbuild%2flinux-mips64el set size:undefined disposed:false
472 silly fetch manifest @rollup/rollup-darwin-x64@4.63.1
473 silly packumentCache full:https://registry.npmjs.org/@rollup%2frollup-darwin-x64 cache-miss
474 http fetch GET 200 https://registry.npmjs.org/source-map-js 219ms (cache stale)
475 silly packumentCache full:https://registry.npmjs.org/source-map-js set size:62640 disposed:false
476 silly fetch manifest @rollup/rollup-freebsd-x64@4.63.1
477 silly packumentCache full:https://registry.npmjs.org/@rollup%2frollup-freebsd-x64 cache-miss
478 http fetch GET 200 https://registry.npmjs.org/@types%2festree 234ms (cache miss)
479 silly packumentCache full:https://registry.npmjs.org/@types%2festree set size:undefined disposed:false
480 silly fetch manifest @rollup/rollup-openbsd-x64@4.63.1
481 silly packumentCache full:https://registry.npmjs.org/@rollup%2frollup-openbsd-x64 cache-miss
482 http fetch GET 200 https://registry.npmjs.org/@rollup%2frollup-darwin-x64 257ms (cache miss)
483 silly packumentCache full:https://registry.npmjs.org/@rollup%2frollup-darwin-x64 set size:undefined disposed:false
484 silly fetch manifest @napi-rs/lzma-linux-x64-gnu@1.5.1
485 silly packumentCache full:https://registry.npmjs.org/@napi-rs%2flzma-linux-x64-gnu cache-miss
486 http fetch GET 200 https://registry.npmjs.org/@rollup%2frollup-freebsd-x64 122ms (cache miss)
487 silly packumentCache full:https://registry.npmjs.org/@rollup%2frollup-freebsd-x64 set size:undefined disposed:false
488 silly fetch manifest @rollup/rollup-darwin-arm64@4.63.1
489 silly packumentCache full:https://registry.npmjs.org/@rollup%2frollup-darwin-arm64 cache-miss
490 http fetch GET 200 https://registry.npmjs.org/@rollup%2frollup-openbsd-x64 141ms (cache miss)
491 silly packumentCache full:https://registry.npmjs.org/@rollup%2frollup-openbsd-x64 set size:undefined disposed:false
492 silly fetch manifest @rollup/rollup-android-arm64@4.63.1
493 silly packumentCache full:https://registry.npmjs.org/@rollup%2frollup-android-arm64 cache-miss
494 http fetch GET 200 https://registry.npmjs.org/@napi-rs%2flzma-linux-x64-gnu 112ms (cache miss)
495 silly packumentCache full:https://registry.npmjs.org/@napi-rs%2flzma-linux-x64-gnu set size:undefined disposed:false
496 silly fetch manifest @rollup/rollup-freebsd-arm64@4.63.1
497 silly packumentCache full:https://registry.npmjs.org/@rollup%2frollup-freebsd-arm64 cache-miss
498 http fetch GET 200 https://registry.npmjs.org/@rollup%2frollup-darwin-arm64 253ms (cache miss)
499 silly packumentCache full:https://registry.npmjs.org/@rollup%2frollup-darwin-arm64 set size:undefined disposed:false
500 silly fetch manifest @rollup/rollup-linux-x64-gnu@4.63.1
501 silly packumentCache full:https://registry.npmjs.org/@rollup%2frollup-linux-x64-gnu cache-miss
502 http fetch GET 200 https://registry.npmjs.org/@rollup%2frollup-freebsd-arm64 241ms (cache miss)
503 silly packumentCache full:https://registry.npmjs.org/@rollup%2frollup-freebsd-arm64 set size:undefined disposed:false
504 silly fetch manifest @rollup/rollup-win32-x64-gnu@4.63.1
505 silly packumentCache full:https://registry.npmjs.org/@rollup%2frollup-win32-x64-gnu cache-miss
506 http fetch GET 200 https://registry.npmjs.org/@rollup%2frollup-android-arm64 275ms (cache miss)
507 silly packumentCache full:https://registry.npmjs.org/@rollup%2frollup-android-arm64 set size:undefined disposed:false
508 silly fetch manifest @rollup/rollup-linux-x64-musl@4.63.1
509 silly packumentCache full:https://registry.npmjs.org/@rollup%2frollup-linux-x64-musl cache-miss
510 http fetch GET 200 https://registry.npmjs.org/@rollup%2frollup-linux-x64-gnu 209ms (cache miss)
511 silly packumentCache full:https://registry.npmjs.org/@rollup%2frollup-linux-x64-gnu set size:undefined disposed:false
512 silly fetch manifest @rollup/rollup-win32-x64-msvc@4.63.1
513 silly packumentCache full:https://registry.npmjs.org/@rollup%2frollup-win32-x64-msvc cache-miss
514 http fetch GET 200 https://registry.npmjs.org/@rollup%2frollup-win32-x64-gnu 215ms (cache miss)
515 silly packumentCache full:https://registry.npmjs.org/@rollup%2frollup-win32-x64-gnu set size:undefined disposed:false
516 silly fetch manifest @rollup/rollup-linux-arm64-gnu@4.63.1
517 silly packumentCache full:https://registry.npmjs.org/@rollup%2frollup-linux-arm64-gnu cache-miss
518 http fetch GET 200 https://registry.npmjs.org/@rollup%2frollup-linux-x64-musl 249ms (cache miss)
519 silly packumentCache full:https://registry.npmjs.org/@rollup%2frollup-linux-x64-musl set size:undefined disposed:false
520 silly fetch manifest @rollup/rollup-linux-ppc64-gnu@4.63.1
521 silly packumentCache full:https://registry.npmjs.org/@rollup%2frollup-linux-ppc64-gnu cache-miss
522 http fetch GET 200 https://registry.npmjs.org/@rollup%2frollup-win32-x64-msvc 166ms (cache miss)
523 silly packumentCache full:https://registry.npmjs.org/@rollup%2frollup-win32-x64-msvc set size:undefined disposed:false
524 silly fetch manifest @rollup/rollup-linux-s390x-gnu@4.63.1
525 silly packumentCache full:https://registry.npmjs.org/@rollup%2frollup-linux-s390x-gnu cache-miss
526 http fetch GET 200 https://registry.npmjs.org/@rollup%2frollup-linux-arm64-gnu 152ms (cache miss)
527 silly packumentCache full:https://registry.npmjs.org/@rollup%2frollup-linux-arm64-gnu set size:undefined disposed:false
528 silly fetch manifest @rollup/rollup-win32-ia32-msvc@4.63.1
529 silly packumentCache full:https://registry.npmjs.org/@rollup%2frollup-win32-ia32-msvc cache-miss
530 http fetch GET 200 https://registry.npmjs.org/@rollup%2frollup-linux-ppc64-gnu 119ms (cache miss)
531 silly packumentCache full:https://registry.npmjs.org/@rollup%2frollup-linux-ppc64-gnu set size:undefined disposed:false
532 silly fetch manifest @rollup/rollup-android-arm-eabi@4.63.1
533 silly packumentCache full:https://registry.npmjs.org/@rollup%2frollup-android-arm-eabi cache-miss
534 http fetch GET 200 https://registry.npmjs.org/@rollup%2frollup-linux-s390x-gnu 130ms (cache miss)
535 silly packumentCache full:https://registry.npmjs.org/@rollup%2frollup-linux-s390x-gnu set size:undefined disposed:false
536 silly fetch manifest @rollup/rollup-linux-arm64-musl@4.63.1
537 silly packumentCache full:https://registry.npmjs.org/@rollup%2frollup-linux-arm64-musl cache-miss
538 http fetch GET 200 https://registry.npmjs.org/@rollup%2frollup-win32-ia32-msvc 131ms (cache miss)
539 silly packumentCache full:https://registry.npmjs.org/@rollup%2frollup-win32-ia32-msvc set size:undefined disposed:false
540 silly fetch manifest @rollup/rollup-linux-ppc64-musl@4.63.1
541 silly packumentCache full:https://registry.npmjs.org/@rollup%2frollup-linux-ppc64-musl cache-miss
542 http fetch GET 200 https://registry.npmjs.org/@rollup%2frollup-android-arm-eabi 176ms (cache miss)
543 silly packumentCache full:https://registry.npmjs.org/@rollup%2frollup-android-arm-eabi set size:undefined disposed:false
544 silly fetch manifest @rollup/rollup-win32-arm64-msvc@4.63.1
545 silly packumentCache full:https://registry.npmjs.org/@rollup%2frollup-win32-arm64-msvc cache-miss
546 http fetch GET 200 https://registry.npmjs.org/@rollup%2frollup-linux-ppc64-musl 112ms (cache miss)
547 silly packumentCache full:https://registry.npmjs.org/@rollup%2frollup-linux-ppc64-musl set size:undefined disposed:false
548 silly fetch manifest @rollup/rollup-linux-loong64-gnu@4.63.1
549 silly packumentCache full:https://registry.npmjs.org/@rollup%2frollup-linux-loong64-gnu cache-miss
550 http fetch GET 200 https://registry.npmjs.org/@rollup%2frollup-linux-arm64-musl 151ms (cache miss)
551 silly packumentCache full:https://registry.npmjs.org/@rollup%2frollup-linux-arm64-musl set size:undefined disposed:false
552 silly fetch manifest @rollup/rollup-linux-riscv64-gnu@4.63.1
553 silly packumentCache full:https://registry.npmjs.org/@rollup%2frollup-linux-riscv64-gnu cache-miss
554 http fetch GET 200 https://registry.npmjs.org/@rollup%2frollup-linux-loong64-gnu 103ms (cache miss)
555 silly packumentCache full:https://registry.npmjs.org/@rollup%2frollup-linux-loong64-gnu set size:undefined disposed:false
556 silly fetch manifest @rollup/rollup-openharmony-arm64@4.63.1
557 silly packumentCache full:https://registry.npmjs.org/@rollup%2frollup-openharmony-arm64 cache-miss
558 http fetch GET 200 https://registry.npmjs.org/@rollup%2frollup-win32-arm64-msvc 180ms (cache miss)
559 silly packumentCache full:https://registry.npmjs.org/@rollup%2frollup-win32-arm64-msvc set size:undefined disposed:false
560 silly fetch manifest @rollup/rollup-linux-loong64-musl@4.63.1
561 silly packumentCache full:https://registry.npmjs.org/@rollup%2frollup-linux-loong64-musl cache-miss
562 http fetch GET 200 https://registry.npmjs.org/@rollup%2frollup-linux-riscv64-gnu 142ms (cache miss)
563 silly packumentCache full:https://registry.npmjs.org/@rollup%2frollup-linux-riscv64-gnu set size:undefined disposed:false
564 silly fetch manifest @rollup/rollup-linux-riscv64-musl@4.63.1
565 silly packumentCache full:https://registry.npmjs.org/@rollup%2frollup-linux-riscv64-musl cache-miss
566 http fetch GET 200 https://registry.npmjs.org/@rollup%2frollup-openharmony-arm64 117ms (cache miss)
567 silly packumentCache full:https://registry.npmjs.org/@rollup%2frollup-openharmony-arm64 set size:undefined disposed:false
568 silly fetch manifest @rollup/rollup-linux-arm-gnueabihf@4.63.1
569 silly packumentCache full:https://registry.npmjs.org/@rollup%2frollup-linux-arm-gnueabihf cache-miss
570 http fetch GET 200 https://registry.npmjs.org/@rollup%2frollup-linux-loong64-musl 119ms (cache miss)
571 silly packumentCache full:https://registry.npmjs.org/@rollup%2frollup-linux-loong64-musl set size:undefined disposed:false
572 silly fetch manifest @rollup/rollup-linux-arm-musleabihf@4.63.1
573 silly packumentCache full:https://registry.npmjs.org/@rollup%2frollup-linux-arm-musleabihf cache-miss
574 http fetch GET 200 https://registry.npmjs.org/@rollup%2frollup-linux-riscv64-musl 112ms (cache miss)
575 silly packumentCache full:https://registry.npmjs.org/@rollup%2frollup-linux-riscv64-musl set size:undefined disposed:false
576 http fetch GET 200 https://registry.npmjs.org/@rollup%2frollup-linux-arm-gnueabihf 136ms (cache miss)
577 silly packumentCache full:https://registry.npmjs.org/@rollup%2frollup-linux-arm-gnueabihf set size:undefined disposed:false
578 http fetch GET 200 https://registry.npmjs.org/@rollup%2frollup-linux-arm-musleabihf 160ms (cache miss)
579 silly packumentCache full:https://registry.npmjs.org/@rollup%2frollup-linux-arm-musleabihf set size:undefined disposed:false
580 silly placeDep ROOT @esbuild/aix-ppc64@0.21.5 OK for: esbuild@0.21.5 want: 0.21.5
581 silly placeDep ROOT @esbuild/android-arm@0.21.5 OK for: esbuild@0.21.5 want: 0.21.5
582 silly placeDep ROOT @esbuild/android-arm64@0.21.5 OK for: esbuild@0.21.5 want: 0.21.5
583 silly placeDep ROOT @esbuild/android-x64@0.21.5 OK for: esbuild@0.21.5 want: 0.21.5
584 silly placeDep ROOT @esbuild/darwin-arm64@0.21.5 OK for: esbuild@0.21.5 want: 0.21.5
585 silly placeDep ROOT @esbuild/darwin-x64@0.21.5 OK for: esbuild@0.21.5 want: 0.21.5
586 silly placeDep ROOT @esbuild/freebsd-arm64@0.21.5 OK for: esbuild@0.21.5 want: 0.21.5
587 silly placeDep ROOT @esbuild/freebsd-x64@0.21.5 OK for: esbuild@0.21.5 want: 0.21.5
588 silly placeDep ROOT @esbuild/linux-arm@0.21.5 OK for: esbuild@0.21.5 want: 0.21.5
589 silly placeDep ROOT @esbuild/linux-arm64@0.21.5 OK for: esbuild@0.21.5 want: 0.21.5
590 silly placeDep ROOT @esbuild/linux-ia32@0.21.5 OK for: esbuild@0.21.5 want: 0.21.5
591 silly placeDep ROOT @esbuild/linux-loong64@0.21.5 OK for: esbuild@0.21.5 want: 0.21.5
592 silly placeDep ROOT @esbuild/linux-mips64el@0.21.5 OK for: esbuild@0.21.5 want: 0.21.5
593 silly placeDep ROOT @esbuild/linux-ppc64@0.21.5 OK for: esbuild@0.21.5 want: 0.21.5
594 silly placeDep ROOT @esbuild/linux-riscv64@0.21.5 OK for: esbuild@0.21.5 want: 0.21.5
595 silly placeDep ROOT @esbuild/linux-s390x@0.21.5 OK for: esbuild@0.21.5 want: 0.21.5
596 silly placeDep ROOT @esbuild/linux-x64@0.21.5 OK for: esbuild@0.21.5 want: 0.21.5
597 silly placeDep ROOT @esbuild/netbsd-x64@0.21.5 OK for: esbuild@0.21.5 want: 0.21.5
598 silly placeDep ROOT @esbuild/openbsd-x64@0.21.5 OK for: esbuild@0.21.5 want: 0.21.5
599 silly placeDep ROOT @esbuild/sunos-x64@0.21.5 OK for: esbuild@0.21.5 want: 0.21.5
600 silly placeDep ROOT @esbuild/win32-arm64@0.21.5 OK for: esbuild@0.21.5 want: 0.21.5
601 silly placeDep ROOT @esbuild/win32-ia32@0.21.5 OK for: esbuild@0.21.5 want: 0.21.5
602 silly placeDep ROOT @esbuild/win32-x64@0.21.5 OK for: esbuild@0.21.5 want: 0.21.5
603 silly placeDep ROOT nanoid@3.3.18 OK for: postcss@8.5.26 want: ^3.3.17
604 silly placeDep ROOT source-map-js@1.2.1 OK for: postcss@8.5.26 want: ^1.2.1
605 silly placeDep ROOT @napi-rs/lzma-linux-x64-gnu@1.5.1 OK for: rollup@4.63.1 want: 1.5.1
606 silly placeDep ROOT @rollup/rollup-android-arm-eabi@4.63.1 OK for: rollup@4.63.1 want: 4.63.1
607 silly placeDep ROOT @rollup/rollup-android-arm64@4.63.1 OK for: rollup@4.63.1 want: 4.63.1
608 silly placeDep ROOT @rollup/rollup-darwin-arm64@4.63.1 OK for: rollup@4.63.1 want: 4.63.1
609 silly placeDep ROOT @rollup/rollup-darwin-x64@4.63.1 OK for: rollup@4.63.1 want: 4.63.1
610 silly placeDep ROOT @rollup/rollup-freebsd-arm64@4.63.1 OK for: rollup@4.63.1 want: 4.63.1
611 silly placeDep ROOT @rollup/rollup-freebsd-x64@4.63.1 OK for: rollup@4.63.1 want: 4.63.1
612 silly placeDep ROOT @rollup/rollup-linux-arm-gnueabihf@4.63.1 OK for: rollup@4.63.1 want: 4.63.1
613 silly placeDep ROOT @rollup/rollup-linux-arm-musleabihf@4.63.1 OK for: rollup@4.63.1 want: 4.63.1
614 silly placeDep ROOT @rollup/rollup-linux-arm64-gnu@4.63.1 OK for: rollup@4.63.1 want: 4.63.1
615 silly placeDep ROOT @rollup/rollup-linux-arm64-musl@4.63.1 OK for: rollup@4.63.1 want: 4.63.1
616 silly placeDep ROOT @rollup/rollup-linux-loong64-gnu@4.63.1 OK for: rollup@4.63.1 want: 4.63.1
617 silly placeDep ROOT @rollup/rollup-linux-loong64-musl@4.63.1 OK for: rollup@4.63.1 want: 4.63.1
618 silly placeDep ROOT @rollup/rollup-linux-ppc64-gnu@4.63.1 OK for: rollup@4.63.1 want: 4.63.1
619 silly placeDep ROOT @rollup/rollup-linux-ppc64-musl@4.63.1 OK for: rollup@4.63.1 want: 4.63.1
620 silly placeDep ROOT @rollup/rollup-linux-riscv64-gnu@4.63.1 OK for: rollup@4.63.1 want: 4.63.1
621 silly placeDep ROOT @rollup/rollup-linux-riscv64-musl@4.63.1 OK for: rollup@4.63.1 want: 4.63.1
622 silly placeDep ROOT @rollup/rollup-linux-s390x-gnu@4.63.1 OK for: rollup@4.63.1 want: 4.63.1
623 silly placeDep ROOT @rollup/rollup-linux-x64-gnu@4.63.1 OK for: rollup@4.63.1 want: 4.63.1
624 silly placeDep ROOT @rollup/rollup-linux-x64-musl@4.63.1 OK for: rollup@4.63.1 want: 4.63.1
625 silly placeDep ROOT @rollup/rollup-openbsd-x64@4.63.1 OK for: rollup@4.63.1 want: 4.63.1
626 silly placeDep ROOT @rollup/rollup-openharmony-arm64@4.63.1 OK for: rollup@4.63.1 want: 4.63.1
627 silly placeDep ROOT @rollup/rollup-win32-arm64-msvc@4.63.1 OK for: rollup@4.63.1 want: 4.63.1
628 silly placeDep ROOT @rollup/rollup-win32-ia32-msvc@4.63.1 OK for: rollup@4.63.1 want: 4.63.1
629 silly placeDep ROOT @rollup/rollup-win32-x64-gnu@4.63.1 OK for: rollup@4.63.1 want: 4.63.1
630 silly placeDep ROOT @rollup/rollup-win32-x64-msvc@4.63.1 OK for: rollup@4.63.1 want: 4.63.1
631 silly placeDep ROOT @types/estree@1.0.9 OK for: rollup@4.63.1 want: 1.0.9
632 silly reify mark retired [ 'C:\\Users\\G E N O\\Downloads\\dody-birth\\node_modules\\fdir' ]
633 silly reify mark retired [
633 silly reify   'C:\\Users\\G E N O\\Downloads\\dody-birth\\node_modules\\lightningcss'
633 silly reify ]
634 silly reify mark retired [
634 silly reify   'C:\\Users\\G E N O\\Downloads\\dody-birth\\node_modules\\lightningcss-win32-x64-msvc'
634 silly reify ]
635 silly reify mark retired [
635 silly reify   'C:\\Users\\G E N O\\Downloads\\dody-birth\\node_modules\\picomatch'
635 silly reify ]
636 silly reify mark retired [
636 silly reify   'C:\\Users\\G E N O\\Downloads\\dody-birth\\node_modules\\rolldown',
636 silly reify   'C:\\Users\\G E N O\\Downloads\\dody-birth\\node_modules\\.bin\\rolldown',
636 silly reify   'C:\\Users\\G E N O\\Downloads\\dody-birth\\node_modules\\.bin\\rolldown.cmd',
636 silly reify   'C:\\Users\\G E N O\\Downloads\\dody-birth\\node_modules\\.bin\\rolldown.ps1'
636 silly reify ]
637 silly reify mark retired [ 'C:\\Users\\G E N O\\Downloads\\dody-birth\\node_modules\\react' ]
638 silly reify mark retired [
638 silly reify   'C:\\Users\\G E N O\\Downloads\\dody-birth\\node_modules\\scheduler'
638 silly reify ]
639 silly reify mark retired [
639 silly reify   'C:\\Users\\G E N O\\Downloads\\dody-birth\\node_modules\\vite',
639 silly reify   'C:\\Users\\G E N O\\Downloads\\dody-birth\\node_modules\\.bin\\vite',
639 silly reify   'C:\\Users\\G E N O\\Downloads\\dody-birth\\node_modules\\.bin\\vite.cmd',
639 silly reify   'C:\\Users\\G E N O\\Downloads\\dody-birth\\node_modules\\.bin\\vite.ps1'
639 silly reify ]
640 silly reify mark retired [
640 silly reify   'C:\\Users\\G E N O\\Downloads\\dody-birth\\node_modules\\tinyglobby'
640 silly reify ]
641 silly reify mark retired [
641 silly reify   'C:\\Users\\G E N O\\Downloads\\dody-birth\\node_modules\\@oxc-project\\types'
641 silly reify ]
642 silly reify mark retired [
642 silly reify   'C:\\Users\\G E N O\\Downloads\\dody-birth\\node_modules\\@rolldown\\pluginutils'
642 silly reify ]
643 silly reify mark retired [
643 silly reify   'C:\\Users\\G E N O\\Downloads\\dody-birth\\node_modules\\@rolldown\\binding-win32-x64-msvc'
643 silly reify ]
644 silly reify mark retired [
644 silly reify   'C:\\Users\\G E N O\\Downloads\\dody-birth\\node_modules\\react-dom'
644 silly reify ]
645 silly reify mark retired [
645 silly reify   'C:\\Users\\G E N O\\Downloads\\dody-birth\\node_modules\\@vitejs\\plugin-react'
645 silly reify ]
646 silly reify mark retired [
646 silly reify   'C:\\Users\\G E N O\\Downloads\\dody-birth\\node_modules\\detect-libc'
646 silly reify ]
647 silly reify moves {
647 silly reify   'C:\\Users\\G E N O\\Downloads\\dody-birth\\node_modules\\fdir': 'C:\\Users\\G E N O\\Downloads\\dody-birth\\node_modules\\.fdir-IIiyYt0u',
647 silly reify   'C:\\Users\\G E N O\\Downloads\\dody-birth\\node_modules\\lightningcss': 'C:\\Users\\G E N O\\Downloads\\dody-birth\\node_modules\\.lightningcss-3e1Gz6Ro',
647 silly reify   'C:\\Users\\G E N O\\Downloads\\dody-birth\\node_modules\\lightningcss-win32-x64-msvc': 'C:\\Users\\G E N O\\Downloads\\dody-birth\\node_modules\\.lightningcss-win32-x64-msvc-cybKWmTs',
647 silly reify   'C:\\Users\\G E N O\\Downloads\\dody-birth\\node_modules\\picomatch': 'C:\\Users\\G E N O\\Downloads\\dody-birth\\node_modules\\.picomatch-s9Nw5YDD',
647 silly reify   'C:\\Users\\G E N O\\Downloads\\dody-birth\\node_modules\\rolldown': 'C:\\Users\\G E N O\\Downloads\\dody-birth\\node_modules\\.rolldown-i4mmc0FR',
647 silly reify   'C:\\Users\\G E N O\\Downloads\\dody-birth\\node_modules\\.bin\\rolldown': 'C:\\Users\\G E N O\\Downloads\\dody-birth\\node_modules\\.bin\\.rolldown-I6oNjZBb',
647 silly reify   'C:\\Users\\G E N O\\Downloads\\dody-birth\\node_modules\\.bin\\rolldown.cmd': 'C:\\Users\\G E N O\\Downloads\\dody-birth\\node_modules\\.bin\\.rolldown.cmd-SjsM0vrR',
647 silly reify   'C:\\Users\\G E N O\\Downloads\\dody-birth\\node_modules\\.bin\\rolldown.ps1': 'C:\\Users\\G E N O\\Downloads\\dody-birth\\node_modules\\.bin\\.rolldown.ps1-GMUiNiCo',
647 silly reify   'C:\\Users\\G E N O\\Downloads\\dody-birth\\node_modules\\react': 'C:\\Users\\G E N O\\Downloads\\dody-birth\\node_modules\\.react-rhP1PvkP',
647 silly reify   'C:\\Users\\G E N O\\Downloads\\dody-birth\\node_modules\\scheduler': 'C:\\Users\\G E N O\\Downloads\\dody-birth\\node_modules\\.scheduler-Fmow9kDW',
647 silly reify   'C:\\Users\\G E N O\\Downloads\\dody-birth\\node_modules\\vite': 'C:\\Users\\G E N O\\Downloads\\dody-birth\\node_modules\\.vite-mk2xi7o6',
647 silly reify   'C:\\Users\\G E N O\\Downloads\\dody-birth\\node_modules\\.bin\\vite': 'C:\\Users\\G E N O\\Downloads\\dody-birth\\node_modules\\.bin\\.vite-jdYxYPRS',
647 silly reify   'C:\\Users\\G E N O\\Downloads\\dody-birth\\node_modules\\.bin\\vite.cmd': 'C:\\Users\\G E N O\\Downloads\\dody-birth\\node_modules\\.bin\\.vite.cmd-WR1m7YBf',
647 silly reify   'C:\\Users\\G E N O\\Downloads\\dody-birth\\node_modules\\.bin\\vite.ps1': 'C:\\Users\\G E N O\\Downloads\\dody-birth\\node_modules\\.bin\\.vite.ps1-6SnCPjza',
647 silly reify   'C:\\Users\\G E N O\\Downloads\\dody-birth\\node_modules\\tinyglobby': 'C:\\Users\\G E N O\\Downloads\\dody-birth\\node_modules\\.tinyglobby-GIzI9wOr',
647 silly reify   'C:\\Users\\G E N O\\Downloads\\dody-birth\\node_modules\\@oxc-project\\types': 'C:\\Users\\G E N O\\Downloads\\dody-birth\\node_modules\\@oxc-project\\.types-aCd2i47k',
647 silly reify   'C:\\Users\\G E N O\\Downloads\\dody-birth\\node_modules\\@rolldown\\pluginutils': 'C:\\Users\\G E N O\\Downloads\\dody-birth\\node_modules\\@rolldown\\.pluginutils-XFAXjbSz',
647 silly reify   'C:\\Users\\G E N O\\Downloads\\dody-birth\\node_modules\\@rolldown\\binding-win32-x64-msvc': 'C:\\Users\\G E N O\\Downloads\\dody-birth\\node_modules\\@rolldown\\.binding-win32-x64-msvc-ou7X49Sd',
647 silly reify   'C:\\Users\\G E N O\\Downloads\\dody-birth\\node_modules\\react-dom': 'C:\\Users\\G E N O\\Downloads\\dody-birth\\node_modules\\.react-dom-XQgbJU5M',
647 silly reify   'C:\\Users\\G E N O\\Downloads\\dody-birth\\node_modules\\@vitejs\\plugin-react': 'C:\\Users\\G E N O\\Downloads\\dody-birth\\node_modules\\@vitejs\\.plugin-react-Tuft69uo',
647 silly reify   'C:\\Users\\G E N O\\Downloads\\dody-birth\\node_modules\\detect-libc': 'C:\\Users\\G E N O\\Downloads\\dody-birth\\node_modules\\.detect-libc-GyM5oj1n'
647 silly reify }
648 silly audit bulk request {
648 silly audit   '@vitejs/plugin-react': [ '4.3.4' ],
648 silly audit   vite: [ '5.4.14' ],
648 silly audit   react: [ '18.3.1' ],
648 silly audit   'react-dom': [ '18.3.1' ],
648 silly audit   '@babel/core': [ '7.29.7' ],
648 silly audit   '@babel/plugin-transform-react-jsx-self': [ '7.29.7' ],
648 silly audit   '@babel/plugin-transform-react-jsx-source': [ '7.29.7' ],
648 silly audit   '@types/babel__core': [ '7.20.5' ],
648 silly audit   'react-refresh': [ '0.14.2' ],
648 silly audit   '@babel/code-frame': [ '7.29.7' ],
648 silly audit   '@babel/generator': [ '7.29.8' ],
648 silly audit   '@babel/helper-compilation-targets': [ '7.29.7' ],
648 silly audit   '@babel/helper-module-transforms': [ '7.29.7' ],
648 silly audit   '@babel/helpers': [ '7.29.7' ],
648 silly audit   '@babel/parser': [ '7.29.8' ],
648 silly audit   '@babel/template': [ '7.29.7' ],
648 silly audit   '@babel/traverse': [ '7.29.8' ],
648 silly audit   '@babel/types': [ '7.29.8' ],
648 silly audit   '@jridgewell/remapping': [ '2.3.5' ],
648 silly audit   'convert-source-map': [ '2.0.0' ],
648 silly audit   debug: [ '4.4.3' ],
648 silly audit   gensync: [ '1.0.0-beta.2' ],
648 silly audit   json5: [ '2.2.3' ],
648 silly audit   semver: [ '6.3.1' ],
648 silly audit   '@babel/helper-validator-identifier': [ '7.29.7' ],
648 silly audit   'js-tokens': [ '4.0.0' ],
648 silly audit   picocolors: [ '1.1.1' ],
648 silly audit   '@jridgewell/gen-mapping': [ '0.3.13' ],
648 silly audit   '@jridgewell/trace-mapping': [ '0.3.31' ],
648 silly audit   jsesc: [ '3.1.0' ],
648 silly audit   '@babel/compat-data': [ '7.29.7' ],
648 silly audit   '@babel/helper-validator-option': [ '7.29.7' ],
648 silly audit   browserslist: [ '4.28.8' ],
648 silly audit   'lru-cache': [ '5.1.1' ],
648 silly audit   '@babel/helper-module-imports': [ '7.29.7' ],
648 silly audit   '@babel/helper-plugin-utils': [ '7.29.7' ],
648 silly audit   '@babel/helper-globals': [ '7.29.7' ],
648 silly audit   '@babel/helper-string-parser': [ '7.29.7' ],
648 silly audit   '@jridgewell/sourcemap-codec': [ '1.6.0' ],
648 silly audit   '@jridgewell/resolve-uri': [ '3.1.2' ],
648 silly audit   '@types/babel__generator': [ '7.27.0' ],
648 silly audit   '@types/babel__template': [ '7.4.4' ],
648 silly audit   '@types/babel__traverse': [ '7.28.0' ],
648 silly audit   'baseline-browser-mapping': [ '2.11.20' ],
648 silly audit   'caniuse-lite': [ '1.0.30001810' ],
648 silly audit   'electron-to-chromium': [ '1.5.419' ],
648 silly audit   'node-releases': [ '2.0.54' ],
648 silly audit   'update-browserslist-db': [ '1.3.2' ],
648 silly audit   ms: [ '2.1.3' ],
648 silly audit   yallist: [ '3.1.1' ],
648 silly audit   'loose-envify': [ '1.4.0' ],
648 silly audit   scheduler: [ '0.23.2' ],
648 silly audit   escalade: [ '3.2.0' ],
648 silly audit   esbuild: [ '0.21.5' ],
648 silly audit   fsevents: [ '2.3.3' ],
648 silly audit   postcss: [ '8.5.26' ],
648 silly audit   rollup: [ '4.63.1' ],
648 silly audit   '@esbuild/aix-ppc64': [ '0.21.5' ],
648 silly audit   '@esbuild/android-arm': [ '0.21.5' ],
648 silly audit   '@esbuild/android-arm64': [ '0.21.5' ],
648 silly audit   '@esbuild/android-x64': [ '0.21.5' ],
648 silly audit   '@esbuild/darwin-arm64': [ '0.21.5' ],
648 silly audit   '@esbuild/darwin-x64': [ '0.21.5' ],
648 silly audit   '@esbuild/freebsd-arm64': [ '0.21.5' ],
648 silly audit   '@esbuild/freebsd-x64': [ '0.21.5' ],
648 silly audit   '@esbuild/linux-arm': [ '0.21.5' ],
648 silly audit   '@esbuild/linux-arm64': [ '0.21.5' ],
648 silly audit   '@esbuild/linux-ia32': [ '0.21.5' ],
648 silly audit   '@esbuild/linux-loong64': [ '0.21.5' ],
648 silly audit   '@esbuild/linux-mips64el': [ '0.21.5' ],
648 silly audit   '@esbuild/linux-ppc64': [ '0.21.5' ],
648 silly audit   '@esbuild/linux-riscv64': [ '0.21.5' ],
648 silly audit   '@esbuild/linux-s390x': [ '0.21.5' ],
648 silly audit   '@esbuild/linux-x64': [ '0.21.5' ],
648 silly audit   '@esbuild/netbsd-x64': [ '0.21.5' ],
648 silly audit   '@esbuild/openbsd-x64': [ '0.21.5' ],
648 silly audit   '@esbuild/sunos-x64': [ '0.21.5' ],
648 silly audit   '@esbuild/win32-arm64': [ '0.21.5' ],
648 silly audit   '@esbuild/win32-ia32': [ '0.21.5' ],
648 silly audit   '@esbuild/win32-x64': [ '0.21.5' ],
648 silly audit   nanoid: [ '3.3.18' ],
648 silly audit   'source-map-js': [ '1.2.1' ],
648 silly audit   '@napi-rs/lzma-linux-x64-gnu': [ '1.5.1' ],
648 silly audit   '@rollup/rollup-android-arm-eabi': [ '4.63.1' ],
648 silly audit   '@rollup/rollup-android-arm64': [ '4.63.1' ],
648 silly audit   '@rollup/rollup-darwin-arm64': [ '4.63.1' ],
648 silly audit   '@rollup/rollup-darwin-x64': [ '4.63.1' ],
648 silly audit   '@rollup/rollup-freebsd-arm64': [ '4.63.1' ],
648 silly audit   '@rollup/rollup-freebsd-x64': [ '4.63.1' ],
648 silly audit   '@rollup/rollup-linux-arm-gnueabihf': [ '4.63.1' ],
648 silly audit   '@rollup/rollup-linux-arm-musleabihf': [ '4.63.1' ],
648 silly audit   '@rollup/rollup-linux-arm64-gnu': [ '4.63.1' ],
648 silly audit   '@rollup/rollup-linux-arm64-musl': [ '4.63.1' ],
648 silly audit   '@rollup/rollup-linux-loong64-gnu': [ '4.63.1' ],
648 silly audit   '@rollup/rollup-linux-loong64-musl': [ '4.63.1' ],
648 silly audit   '@rollup/rollup-linux-ppc64-gnu': [ '4.63.1' ],
648 silly audit   '@rollup/rollup-linux-ppc64-musl': [ '4.63.1' ],
648 silly audit   '@rollup/rollup-linux-riscv64-gnu': [ '4.63.1' ],
648 silly audit   '@rollup/rollup-linux-riscv64-musl': [ '4.63.1' ],
648 silly audit   '@rollup/rollup-linux-s390x-gnu': [ '4.63.1' ],
648 silly audit   '@rollup/rollup-linux-x64-gnu': [ '4.63.1' ],
648 silly audit   '@rollup/rollup-linux-x64-musl': [ '4.63.1' ],
648 silly audit   '@rollup/rollup-openbsd-x64': [ '4.63.1' ],
648 silly audit   '@rollup/rollup-openharmony-arm64': [ '4.63.1' ],
648 silly audit   '@rollup/rollup-win32-arm64-msvc': [ '4.63.1' ],
648 silly audit   '@rollup/rollup-win32-ia32-msvc': [ '4.63.1' ],
648 silly audit   '@rollup/rollup-win32-x64-gnu': [ '4.63.1' ],
648 silly audit   '@rollup/rollup-win32-x64-msvc': [ '4.63.1' ],
648 silly audit   '@types/estree': [ '1.0.9' ]
648 silly audit }
649 http cache @types/estree@https://registry.npmjs.org/@types/estree/-/estree-1.0.9.tgz 0ms (cache hit)
650 http cache @rollup/rollup-win32-x64-msvc@https://registry.npmjs.org/@rollup/rollup-win32-x64-msvc/-/rollup-win32-x64-msvc-4.63.1.tgz 0ms (cache hit)
651 http cache @rollup/rollup-win32-x64-gnu@https://registry.npmjs.org/@rollup/rollup-win32-x64-gnu/-/rollup-win32-x64-gnu-4.63.1.tgz 0ms (cache hit)
652 http cache @esbuild/win32-x64@https://registry.npmjs.org/@esbuild/win32-x64/-/win32-x64-0.21.5.tgz 0ms (cache hit)
653 http cache rollup@https://registry.npmjs.org/rollup/-/rollup-4.63.1.tgz 0ms (cache hit)
654 http cache esbuild@https://registry.npmjs.org/esbuild/-/esbuild-0.21.5.tgz 0ms (cache hit)
655 http cache escalade@https://registry.npmjs.org/escalade/-/escalade-3.2.0.tgz 0ms (cache hit)
656 http cache loose-envify@https://registry.npmjs.org/loose-envify/-/loose-envify-1.4.0.tgz 0ms (cache hit)
657 http cache yallist@https://registry.npmjs.org/yallist/-/yallist-3.1.1.tgz 0ms (cache hit)
658 http cache ms@https://registry.npmjs.org/ms/-/ms-2.1.3.tgz 0ms (cache hit)
659 http cache update-browserslist-db@https://registry.npmjs.org/update-browserslist-db/-/update-browserslist-db-1.3.2.tgz 2ms (cache hit)
660 http cache node-releases@https://registry.npmjs.org/node-releases/-/node-releases-2.0.54.tgz 0ms (cache hit)
661 http cache electron-to-chromium@https://registry.npmjs.org/electron-to-chromium/-/electron-to-chromium-1.5.419.tgz 0ms (cache hit)
662 http cache caniuse-lite@https://registry.npmjs.org/caniuse-lite/-/caniuse-lite-1.0.30001810.tgz 0ms (cache hit)
663 http cache baseline-browser-mapping@https://registry.npmjs.org/baseline-browser-mapping/-/baseline-browser-mapping-2.11.20.tgz 0ms (cache hit)
664 http cache @types/babel__template@https://registry.npmjs.org/@types/babel__template/-/babel__template-7.4.4.tgz 0ms (cache hit)
665 http cache @types/babel__traverse@https://registry.npmjs.org/@types/babel__traverse/-/babel__traverse-7.28.0.tgz 0ms (cache hit)
666 http cache @types/babel__generator@https://registry.npmjs.org/@types/babel__generator/-/babel__generator-7.27.0.tgz 0ms (cache hit)
667 http cache @jridgewell/resolve-uri@https://registry.npmjs.org/@jridgewell/resolve-uri/-/resolve-uri-3.1.2.tgz 0ms (cache hit)
668 http cache @jridgewell/sourcemap-codec@https://registry.npmjs.org/@jridgewell/sourcemap-codec/-/sourcemap-codec-1.6.0.tgz 0ms (cache hit)
669 http cache @babel/helper-string-parser@https://registry.npmjs.org/@babel/helper-string-parser/-/helper-string-parser-7.29.7.tgz 0ms (cache hit)
670 http cache @babel/helper-globals@https://registry.npmjs.org/@babel/helper-globals/-/helper-globals-7.29.7.tgz 0ms (cache hit)
671 http cache @babel/helper-plugin-utils@https://registry.npmjs.org/@babel/helper-plugin-utils/-/helper-plugin-utils-7.29.7.tgz 0ms (cache hit)
672 http cache @babel/helper-module-imports@https://registry.npmjs.org/@babel/helper-module-imports/-/helper-module-imports-7.29.7.tgz 0ms (cache hit)
673 http cache lru-cache@https://registry.npmjs.org/lru-cache/-/lru-cache-5.1.1.tgz 0ms (cache hit)
674 http cache browserslist@https://registry.npmjs.org/browserslist/-/browserslist-4.28.8.tgz 0ms (cache hit)
675 http cache @babel/helper-validator-option@https://registry.npmjs.org/@babel/helper-validator-option/-/helper-validator-option-7.29.7.tgz 0ms (cache hit)
676 http cache @babel/compat-data@https://registry.npmjs.org/@babel/compat-data/-/compat-data-7.29.7.tgz 1ms (cache hit)
677 http cache jsesc@https://registry.npmjs.org/jsesc/-/jsesc-3.1.0.tgz 0ms (cache hit)
678 http cache @jridgewell/trace-mapping@https://registry.npmjs.org/@jridgewell/trace-mapping/-/trace-mapping-0.3.31.tgz 0ms (cache hit)
679 http cache @jridgewell/gen-mapping@https://registry.npmjs.org/@jridgewell/gen-mapping/-/gen-mapping-0.3.13.tgz 0ms (cache hit)
680 http cache js-tokens@https://registry.npmjs.org/js-tokens/-/js-tokens-4.0.0.tgz 0ms (cache hit)
681 http cache @babel/helper-validator-identifier@https://registry.npmjs.org/@babel/helper-validator-identifier/-/helper-validator-identifier-7.29.7.tgz 0ms (cache hit)
682 http cache semver@https://registry.npmjs.org/semver/-/semver-6.3.1.tgz 0ms (cache hit)
683 http cache json5@https://registry.npmjs.org/json5/-/json5-2.2.3.tgz 0ms (cache hit)
684 http cache gensync@https://registry.npmjs.org/gensync/-/gensync-1.0.0-beta.2.tgz 0ms (cache hit)
685 http cache debug@https://registry.npmjs.org/debug/-/debug-4.4.3.tgz 0ms (cache hit)
686 http cache convert-source-map@https://registry.npmjs.org/convert-source-map/-/convert-source-map-2.0.0.tgz 0ms (cache hit)
687 http cache @jridgewell/remapping@https://registry.npmjs.org/@jridgewell/remapping/-/remapping-2.3.5.tgz 0ms (cache hit)
688 http cache @babel/types@https://registry.npmjs.org/@babel/types/-/types-7.29.8.tgz 0ms (cache hit)
689 http cache @babel/traverse@https://registry.npmjs.org/@babel/traverse/-/traverse-7.29.8.tgz 0ms (cache hit)
690 http cache @babel/template@https://registry.npmjs.org/@babel/template/-/template-7.29.7.tgz 0ms (cache hit)
691 http cache @babel/parser@https://registry.npmjs.org/@babel/parser/-/parser-7.29.8.tgz 0ms (cache hit)
692 http cache @babel/helpers@https://registry.npmjs.org/@babel/helpers/-/helpers-7.29.7.tgz 0ms (cache hit)
693 http cache @babel/helper-module-transforms@https://registry.npmjs.org/@babel/helper-module-transforms/-/helper-module-transforms-7.29.7.tgz 0ms (cache hit)
694 http cache @babel/helper-compilation-targets@https://registry.npmjs.org/@babel/helper-compilation-targets/-/helper-compilation-targets-7.29.7.tgz 0ms (cache hit)
695 http cache @babel/generator@https://registry.npmjs.org/@babel/generator/-/generator-7.29.8.tgz 0ms (cache hit)
696 http cache @babel/code-frame@https://registry.npmjs.org/@babel/code-frame/-/code-frame-7.29.7.tgz 0ms (cache hit)
697 http cache react-refresh@https://registry.npmjs.org/react-refresh/-/react-refresh-0.14.2.tgz 0ms (cache hit)
698 http cache @types/babel__core@https://registry.npmjs.org/@types/babel__core/-/babel__core-7.20.5.tgz 0ms (cache hit)
699 http cache @babel/plugin-transform-react-jsx-source@https://registry.npmjs.org/@babel/plugin-transform-react-jsx-source/-/plugin-transform-react-jsx-source-7.29.7.tgz 0ms (cache hit)
700 http cache @babel/plugin-transform-react-jsx-self@https://registry.npmjs.org/@babel/plugin-transform-react-jsx-self/-/plugin-transform-react-jsx-self-7.29.7.tgz 0ms (cache hit)
701 http cache @babel/core@https://registry.npmjs.org/@babel/core/-/core-7.29.7.tgz 0ms (cache hit)
702 http cache @vitejs/plugin-react@https://registry.npmjs.org/@vitejs/plugin-react/-/plugin-react-4.3.4.tgz 0ms (cache hit)
703 http cache react-dom@https://registry.npmjs.org/react-dom/-/react-dom-18.3.1.tgz 0ms (cache hit)
704 http cache vite@https://registry.npmjs.org/vite/-/vite-5.4.14.tgz 0ms (cache hit)
705 http cache scheduler@https://registry.npmjs.org/scheduler/-/scheduler-0.23.2.tgz 0ms (cache hit)
706 silly tarball no local data for @types/estree@https://registry.npmjs.org/@types/estree/-/estree-1.0.9.tgz. Extracting by manifest.
707 http cache react@https://registry.npmjs.org/react/-/react-18.3.1.tgz 0ms (cache hit)
708 silly tarball no local data for @rollup/rollup-win32-x64-msvc@https://registry.npmjs.org/@rollup/rollup-win32-x64-msvc/-/rollup-win32-x64-msvc-4.63.1.tgz. Extracting by manifest.
709 silly tarball no local data for @rollup/rollup-win32-x64-gnu@https://registry.npmjs.org/@rollup/rollup-win32-x64-gnu/-/rollup-win32-x64-gnu-4.63.1.tgz. Extracting by manifest.
710 silly tarball no local data for @esbuild/win32-x64@https://registry.npmjs.org/@esbuild/win32-x64/-/win32-x64-0.21.5.tgz. Extracting by manifest.
711 silly tarball no local data for rollup@https://registry.npmjs.org/rollup/-/rollup-4.63.1.tgz. Extracting by manifest.
712 silly tarball no local data for esbuild@https://registry.npmjs.org/esbuild/-/esbuild-0.21.5.tgz. Extracting by manifest.
713 silly tarball no local data for escalade@https://registry.npmjs.org/escalade/-/escalade-3.2.0.tgz. Extracting by manifest.
714 silly tarball no local data for loose-envify@https://registry.npmjs.org/loose-envify/-/loose-envify-1.4.0.tgz. Extracting by manifest.
715 silly tarball no local data for yallist@https://registry.npmjs.org/yallist/-/yallist-3.1.1.tgz. Extracting by manifest.
716 silly tarball no local data for ms@https://registry.npmjs.org/ms/-/ms-2.1.3.tgz. Extracting by manifest.
717 silly tarball no local data for update-browserslist-db@https://registry.npmjs.org/update-browserslist-db/-/update-browserslist-db-1.3.2.tgz. Extracting by manifest.
718 silly tarball no local data for node-releases@https://registry.npmjs.org/node-releases/-/node-releases-2.0.54.tgz. Extracting by manifest.
719 silly tarball no local data for electron-to-chromium@https://registry.npmjs.org/electron-to-chromium/-/electron-to-chromium-1.5.419.tgz. Extracting by manifest.
720 silly tarball no local data for caniuse-lite@https://registry.npmjs.org/caniuse-lite/-/caniuse-lite-1.0.30001810.tgz. Extracting by manifest.
721 silly tarball no local data for baseline-browser-mapping@https://registry.npmjs.org/baseline-browser-mapping/-/baseline-browser-mapping-2.11.20.tgz. Extracting by manifest.
722 silly tarball no local data for @types/babel__template@https://registry.npmjs.org/@types/babel__template/-/babel__template-7.4.4.tgz. Extracting by manifest.
723 silly tarball no local data for @types/babel__traverse@https://registry.npmjs.org/@types/babel__traverse/-/babel__traverse-7.28.0.tgz. Extracting by manifest.
724 silly tarball no local data for @types/babel__generator@https://registry.npmjs.org/@types/babel__generator/-/babel__generator-7.27.0.tgz. Extracting by manifest.
725 silly tarball no local data for @jridgewell/resolve-uri@https://registry.npmjs.org/@jridgewell/resolve-uri/-/resolve-uri-3.1.2.tgz. Extracting by manifest.
726 silly tarball no local data for @jridgewell/sourcemap-codec@https://registry.npmjs.org/@jridgewell/sourcemap-codec/-/sourcemap-codec-1.6.0.tgz. Extracting by manifest.
727 silly tarball no local data for @babel/helper-string-parser@https://registry.npmjs.org/@babel/helper-string-parser/-/helper-string-parser-7.29.7.tgz. Extracting by manifest.
728 silly tarball no local data for @babel/helper-globals@https://registry.npmjs.org/@babel/helper-globals/-/helper-globals-7.29.7.tgz. Extracting by manifest.
729 silly tarball no local data for @babel/helper-plugin-utils@https://registry.npmjs.org/@babel/helper-plugin-utils/-/helper-plugin-utils-7.29.7.tgz. Extracting by manifest.
730 silly tarball no local data for @babel/helper-module-imports@https://registry.npmjs.org/@babel/helper-module-imports/-/helper-module-imports-7.29.7.tgz. Extracting by manifest.
731 silly tarball no local data for lru-cache@https://registry.npmjs.org/lru-cache/-/lru-cache-5.1.1.tgz. Extracting by manifest.
732 silly tarball no local data for browserslist@https://registry.npmjs.org/browserslist/-/browserslist-4.28.8.tgz. Extracting by manifest.
733 silly tarball no local data for @babel/helper-validator-option@https://registry.npmjs.org/@babel/helper-validator-option/-/helper-validator-option-7.29.7.tgz. Extracting by manifest.
734 silly tarball no local data for @babel/compat-data@https://registry.npmjs.org/@babel/compat-data/-/compat-data-7.29.7.tgz. Extracting by manifest.
735 silly tarball no local data for jsesc@https://registry.npmjs.org/jsesc/-/jsesc-3.1.0.tgz. Extracting by manifest.
736 silly tarball no local data for @jridgewell/trace-mapping@https://registry.npmjs.org/@jridgewell/trace-mapping/-/trace-mapping-0.3.31.tgz. Extracting by manifest.
737 silly tarball no local data for @jridgewell/gen-mapping@https://registry.npmjs.org/@jridgewell/gen-mapping/-/gen-mapping-0.3.13.tgz. Extracting by manifest.
738 silly tarball no local data for js-tokens@https://registry.npmjs.org/js-tokens/-/js-tokens-4.0.0.tgz. Extracting by manifest.
739 silly tarball no local data for @babel/helper-validator-identifier@https://registry.npmjs.org/@babel/helper-validator-identifier/-/helper-validator-identifier-7.29.7.tgz. Extracting by manifest.
740 silly tarball no local data for semver@https://registry.npmjs.org/semver/-/semver-6.3.1.tgz. Extracting by manifest.
741 silly tarball no local data for json5@https://registry.npmjs.org/json5/-/json5-2.2.3.tgz. Extracting by manifest.
742 silly tarball no local data for gensync@https://registry.npmjs.org/gensync/-/gensync-1.0.0-beta.2.tgz. Extracting by manifest.
743 silly tarball no local data for debug@https://registry.npmjs.org/debug/-/debug-4.4.3.tgz. Extracting by manifest.
744 silly tarball no local data for convert-source-map@https://registry.npmjs.org/convert-source-map/-/convert-source-map-2.0.0.tgz. Extracting by manifest.
745 silly tarball no local data for @jridgewell/remapping@https://registry.npmjs.org/@jridgewell/remapping/-/remapping-2.3.5.tgz. Extracting by manifest.
746 silly tarball no local data for @babel/types@https://registry.npmjs.org/@babel/types/-/types-7.29.8.tgz. Extracting by manifest.
747 silly tarball no local data for @babel/traverse@https://registry.npmjs.org/@babel/traverse/-/traverse-7.29.8.tgz. Extracting by manifest.
748 silly tarball no local data for @babel/template@https://registry.npmjs.org/@babel/template/-/template-7.29.7.tgz. Extracting by manifest.
749 silly tarball no local data for @babel/parser@https://registry.npmjs.org/@babel/parser/-/parser-7.29.8.tgz. Extracting by manifest.
750 silly tarball no local data for @babel/helpers@https://registry.npmjs.org/@babel/helpers/-/helpers-7.29.7.tgz. Extracting by manifest.
751 silly tarball no local data for @babel/helper-module-transforms@https://registry.npmjs.org/@babel/helper-module-transforms/-/helper-module-transforms-7.29.7.tgz. Extracting by manifest.
752 silly tarball no local data for @babel/helper-compilation-targets@https://registry.npmjs.org/@babel/helper-compilation-targets/-/helper-compilation-targets-7.29.7.tgz. Extracting by manifest.
753 silly tarball no local data for @babel/generator@https://registry.npmjs.org/@babel/generator/-/generator-7.29.8.tgz. Extracting by manifest.
754 silly tarball no local data for @babel/code-frame@https://registry.npmjs.org/@babel/code-frame/-/code-frame-7.29.7.tgz. Extracting by manifest.
755 silly tarball no local data for react-refresh@https://registry.npmjs.org/react-refresh/-/react-refresh-0.14.2.tgz. Extracting by manifest.
756 silly tarball no local data for @types/babel__core@https://registry.npmjs.org/@types/babel__core/-/babel__core-7.20.5.tgz. Extracting by manifest.
757 silly tarball no local data for @babel/plugin-transform-react-jsx-source@https://registry.npmjs.org/@babel/plugin-transform-react-jsx-source/-/plugin-transform-react-jsx-source-7.29.7.tgz. Extracting by manifest.
758 silly tarball no local data for @babel/plugin-transform-react-jsx-self@https://registry.npmjs.org/@babel/plugin-transform-react-jsx-self/-/plugin-transform-react-jsx-self-7.29.7.tgz. Extracting by manifest.
759 silly tarball no local data for @babel/core@https://registry.npmjs.org/@babel/core/-/core-7.29.7.tgz. Extracting by manifest.
760 silly tarball no local data for @vitejs/plugin-react@https://registry.npmjs.org/@vitejs/plugin-react/-/plugin-react-4.3.4.tgz. Extracting by manifest.
761 silly tarball no local data for react-dom@https://registry.npmjs.org/react-dom/-/react-dom-18.3.1.tgz. Extracting by manifest.
762 silly tarball no local data for scheduler@https://registry.npmjs.org/scheduler/-/scheduler-0.23.2.tgz. Extracting by manifest.
763 silly tarball no local data for vite@https://registry.npmjs.org/vite/-/vite-5.4.14.tgz. Extracting by manifest.
764 silly tarball no local data for react@https://registry.npmjs.org/react/-/react-18.3.1.tgz. Extracting by manifest.
765 http fetch POST 200 https://registry.npmjs.org/-/npm/v1/security/advisories/bulk 607ms
766 silly audit report {
766 silly audit report   vite: [
766 silly audit report     {
766 silly audit report       id: 1103517,
766 silly audit report       url: 'https://github.com/advisories/GHSA-x574-m823-4x7w',
766 silly audit report       title: 'Vite bypasses server.fs.deny when using ?raw??',
766 silly audit report       severity: 'moderate',
766 silly audit report       vulnerable_versions: '>=5.0.0 <5.4.15',
766 silly audit report       cwe: [Array],
766 silly audit report       cvss: [Object]
766 silly audit report     },
766 silly audit report     {
766 silly audit report       id: 1103884,
766 silly audit report       url: 'https://github.com/advisories/GHSA-356w-63v5-8wf4',
766 silly audit report       title: 'Vite has an `server.fs.deny` bypass with an invalid `request-target`',
766 silly audit report       severity: 'moderate',
766 silly audit report       vulnerable_versions: '>=5.0.0 <5.4.18',
766 silly audit report       cwe: [Array],
766 silly audit report       cvss: [Object]
766 silly audit report     },
766 silly audit report     {
766 silly audit report       id: 1104173,
766 silly audit report       url: 'https://github.com/advisories/GHSA-859w-5945-r5v3',
766 silly audit report       title: "Vite's server.fs.deny bypassed with /. for files under project root",
766 silly audit report       severity: 'moderate',
766 silly audit report       vulnerable_versions: '>=5.0.0 <=5.4.18',
766 silly audit report       cwe: [Array],
766 silly audit report       cvss: [Object]
766 silly audit report     },
766 silly audit report     {
766 silly audit report       id: 1104202,
766 silly audit report       url: 'https://github.com/advisories/GHSA-xcj6-pq6g-qj4x',
766 silly audit report       title: 'Vite allows server.fs.deny to be bypassed with .svg or relative paths',
766 silly audit report       severity: 'moderate',
766 silly audit report       vulnerable_versions: '>=5.0.0 <5.4.17',
766 silly audit report       cwe: [Array],
766 silly audit report       cvss: [Object]
766 silly audit report     },
766 silly audit report     {
766 silly audit report       id: 1107323,
766 silly audit report       url: 'https://github.com/advisories/GHSA-g4jq-h2w9-997c',
766 silly audit report       title: 'Vite middleware may serve files starting with the same name with the public directory',
766 silly audit report       severity: 'low',
766 silly audit report       vulnerable_versions: '<=5.4.19',
766 silly audit report       cwe: [Array],
766 silly audit report       cvss: [Object]
766 silly audit report     },
766 silly audit report     {
766 silly audit report       id: 1107327,
766 silly audit report       url: 'https://github.com/advisories/GHSA-jqfw-vq24-v9c3',
766 silly audit report       title: "Vite's `server.fs` settings were not applied to HTML files",
766 silly audit report       severity: 'low',
766 silly audit report       vulnerable_versions: '<=5.4.19',
766 silly audit report       cwe: [Array],
766 silly audit report       cvss: [Object]
766 silly audit report     },
766 silly audit report     {
766 silly audit report       id: 1109131,
766 silly audit report       url: 'https://github.com/advisories/GHSA-93m4-6634-74q7',
766 silly audit report       title: 'vite allows server.fs.deny bypass via backslash on Windows',
766 silly audit report       severity: 'moderate',
766 silly audit report       vulnerable_versions: '>=5.2.6 <=5.4.20',
766 silly audit report       cwe: [Array],
766 silly audit report       cvss: [Object]
766 silly audit report     },
766 silly audit report     {
766 silly audit report       id: 1112511,
766 silly audit report       url: 'https://github.com/advisories/GHSA-4r4m-qw57-chr8',
766 silly audit report       title: 'Vite has a `server.fs.deny` bypassed for `inline` and `raw` with `?import` query',
766 silly audit report       severity: 'moderate',
766 silly audit report       vulnerable_versions: '>=5.0.0 <5.4.16',
766 silly audit report       cwe: [Array],
766 silly audit report       cvss: [Object]
766 silly audit report     },
766 silly audit report     {
766 silly audit report       id: 1120784,
766 silly audit report       url: 'https://github.com/advisories/GHSA-v6wh-96g9-6wx3',
766 silly audit report       title: 'launch-editor: NTLMv2 hash disclosure via UNC path handling on Windows',
766 silly audit report       severity: 'moderate',
766 silly audit report       vulnerable_versions: '<=6.4.2',
766 silly audit report       cwe: [Array],
766 silly audit report       cvss: [Object]
766 silly audit report     },
766 silly audit report     {
766 silly audit report       id: 1116229,
766 silly audit report       url: 'https://github.com/advisories/GHSA-4w7w-66w2-5vf9',
766 silly audit report       title: 'Vite Vulnerable to Path Traversal in Optimized Deps `.map` Handling',
766 silly audit report       severity: 'moderate',
766 silly audit report       vulnerable_versions: '<=6.4.1',
766 silly audit report       cwe: [Array],
766 silly audit report       cvss: [Object]
766 silly audit report     },
766 silly audit report     {
766 silly audit report       id: 1123525,
766 silly audit report       url: 'https://github.com/advisories/GHSA-fx2h-pf6j-xcff',
766 silly audit report       title: 'vite: `server.fs.deny` bypass on Windows alternate paths',
766 silly audit report       severity: 'high',
766 silly audit report       vulnerable_versions: '<=6.4.2',
766 silly audit report       cwe: [Array],
766 silly audit report       cvss: [Object]
766 silly audit report     }
766 silly audit report   ],
766 silly audit report   esbuild: [
766 silly audit report     {
766 silly audit report       id: 1102341,
766 silly audit report       url: 'https://github.com/advisories/GHSA-67mh-4wv8-2f99',
766 silly audit report       title: 'esbuild enables any website to send any requests to the development server and read the response',
766 silly audit report       severity: 'moderate',
766 silly audit report       vulnerable_versions: '<=0.24.2',
766 silly audit report       cwe: [Array],
766 silly audit report       cvss: [Object]
766 silly audit report     }
766 silly audit report   ]
766 silly audit report }
767 silly packumentCache corgi:https://registry.npmjs.org/vite cache-miss
768 silly packumentCache corgi:https://registry.npmjs.org/esbuild cache-miss
769 http fetch GET 200 https://registry.npmjs.org/@types/estree/-/estree-1.0.9.tgz 480ms (cache miss)
770 http fetch GET 200 https://registry.npmjs.org/@types/babel__template/-/babel__template-7.4.4.tgz 468ms (cache miss)
771 http fetch GET 200 https://registry.npmjs.org/@types/babel__generator/-/babel__generator-7.27.0.tgz 592ms (cache miss)
772 http fetch GET 200 https://registry.npmjs.org/@types/babel__traverse/-/babel__traverse-7.28.0.tgz 627ms (cache miss)
773 http fetch GET 200 https://registry.npmjs.org/baseline-browser-mapping/-/baseline-browser-mapping-2.11.20.tgz 653ms (cache miss)
774 http fetch GET 200 https://registry.npmjs.org/loose-envify/-/loose-envify-1.4.0.tgz 788ms (cache miss)
775 http fetch GET 200 https://registry.npmjs.org/esbuild/-/esbuild-0.21.5.tgz 807ms (cache miss)
776 http fetch GET 200 https://registry.npmjs.org/yallist/-/yallist-3.1.1.tgz 1127ms (cache miss)
777 http fetch GET 200 https://registry.npmjs.org/escalade/-/escalade-3.2.0.tgz 1133ms (cache miss)
778 http fetch GET 200 https://registry.npmjs.org/update-browserslist-db/-/update-browserslist-db-1.3.2.tgz 1165ms (cache miss)
779 http fetch GET 200 https://registry.npmjs.org/node-releases/-/node-releases-2.0.54.tgz 1275ms (cache miss)
780 http fetch GET 200 https://registry.npmjs.org/@jridgewell/resolve-uri/-/resolve-uri-3.1.2.tgz 1290ms (cache miss)
781 http fetch GET 200 https://registry.npmjs.org/electron-to-chromium/-/electron-to-chromium-1.5.419.tgz 1366ms (cache miss)
782 http fetch GET 200 https://registry.npmjs.org/@jridgewell/sourcemap-codec/-/sourcemap-codec-1.6.0.tgz 1469ms (cache miss)
783 http fetch GET 200 https://registry.npmjs.org/@babel/helper-string-parser/-/helper-string-parser-7.29.7.tgz 1598ms (cache miss)
784 http fetch GET 200 https://registry.npmjs.org/@babel/helper-globals/-/helper-globals-7.29.7.tgz 1608ms (cache miss)
785 http fetch GET 200 https://registry.npmjs.org/@babel/helper-plugin-utils/-/helper-plugin-utils-7.29.7.tgz 1683ms (cache miss)
786 http fetch GET 200 https://registry.npmjs.org/lru-cache/-/lru-cache-5.1.1.tgz 1788ms (cache miss)
787 http fetch GET 200 https://registry.npmjs.org/browserslist/-/browserslist-4.28.8.tgz 1879ms (cache miss)
788 http fetch GET 200 https://registry.npmjs.org/@babel/helper-module-imports/-/helper-module-imports-7.29.7.tgz 1896ms (cache miss)
789 http fetch GET 200 https://registry.npmjs.org/jsesc/-/jsesc-3.1.0.tgz 1914ms (cache miss)
790 http fetch GET 200 https://registry.npmjs.org/@babel/helper-validator-option/-/helper-validator-option-7.29.7.tgz 1937ms (cache miss)
791 http fetch GET 200 https://registry.npmjs.org/js-tokens/-/js-tokens-4.0.0.tgz 2309ms (cache miss)
792 http fetch GET 200 https://registry.npmjs.org/@babel/compat-data/-/compat-data-7.29.7.tgz 2417ms (cache miss)
793 http fetch GET 200 https://registry.npmjs.org/semver/-/semver-6.3.1.tgz 2455ms (cache miss)
794 http fetch GET 200 https://registry.npmjs.org/gensync/-/gensync-1.0.0-beta.2.tgz 2497ms (cache miss)
795 http fetch GET 200 https://registry.npmjs.org/@babel/helper-validator-identifier/-/helper-validator-identifier-7.29.7.tgz 2563ms (cache miss)
796 http fetch GET 200 https://registry.npmjs.org/json5/-/json5-2.2.3.tgz 2747ms (cache miss)
797 http fetch GET 200 https://registry.npmjs.org/@jridgewell/gen-mapping/-/gen-mapping-0.3.13.tgz 2786ms (cache miss)
798 http fetch GET 200 https://registry.npmjs.org/@jridgewell/trace-mapping/-/trace-mapping-0.3.31.tgz 2871ms (cache miss)
799 http fetch GET 200 https://registry.npmjs.org/convert-source-map/-/convert-source-map-2.0.0.tgz 3113ms (cache miss)
800 http fetch GET 200 https://registry.npmjs.org/@babel/template/-/template-7.29.7.tgz 3271ms (cache miss)
801 http fetch GET 200 https://registry.npmjs.org/@jridgewell/remapping/-/remapping-2.3.5.tgz 3474ms (cache miss)
802 http fetch GET 200 https://registry.npmjs.org/debug/-/debug-4.4.3.tgz 3708ms (cache miss)
803 http fetch GET 200 https://registry.npmjs.org/@babel/helper-module-transforms/-/helper-module-transforms-7.29.7.tgz 3858ms (cache miss)
804 http fetch GET 200 https://registry.npmjs.org/@babel/code-frame/-/code-frame-7.29.7.tgz 3868ms (cache miss)
805 http fetch GET 200 https://registry.npmjs.org/@babel/helper-compilation-targets/-/helper-compilation-targets-7.29.7.tgz 3944ms (cache miss)
806 http fetch GET 200 https://registry.npmjs.org/@types/babel__core/-/babel__core-7.20.5.tgz 4499ms (cache miss)
807 http fetch GET 200 https://registry.npmjs.org/@babel/plugin-transform-react-jsx-source/-/plugin-transform-react-jsx-source-7.29.7.tgz 4525ms (cache miss)
808 http fetch GET 200 https://registry.npmjs.org/@babel/plugin-transform-react-jsx-self/-/plugin-transform-react-jsx-self-7.29.7.tgz 4541ms (cache miss)
809 http fetch GET 200 https://registry.npmjs.org/react-refresh/-/react-refresh-0.14.2.tgz 4591ms (cache miss)
810 http fetch GET 200 https://registry.npmjs.org/ms/-/ms-2.1.3.tgz 5337ms (cache miss)
811 http fetch GET 200 https://registry.npmjs.org/@babel/generator/-/generator-7.29.8.tgz 5523ms (cache miss)
812 http fetch GET 200 https://registry.npmjs.org/@babel/traverse/-/traverse-7.29.8.tgz 6012ms (cache miss)
813 http fetch GET 200 https://registry.npmjs.org/scheduler/-/scheduler-0.23.2.tgz 6317ms (cache miss)
814 http fetch GET 200 https://registry.npmjs.org/react/-/react-18.3.1.tgz 6425ms (cache miss)
815 http fetch GET 200 https://registry.npmjs.org/@babel/parser/-/parser-7.29.8.tgz 7403ms (cache miss)
816 http fetch GET 200 https://registry.npmjs.org/rollup/-/rollup-4.63.1.tgz 8124ms (cache miss)
817 http fetch GET 200 https://registry.npmjs.org/@rollup/rollup-win32-x64-msvc/-/rollup-win32-x64-msvc-4.63.1.tgz 8301ms (cache miss)
818 http fetch GET 200 https://registry.npmjs.org/@babel/types/-/types-7.29.8.tgz 8350ms (cache miss)
819 http fetch GET 200 https://registry.npmjs.org/@babel/core/-/core-7.29.7.tgz 8386ms (cache miss)
820 http fetch GET 200 https://registry.npmjs.org/esbuild 8299ms (cache miss)
821 silly packumentCache corgi:https://registry.npmjs.org/esbuild set size:undefined disposed:false
822 http fetch GET 200 https://registry.npmjs.org/@babel/helpers/-/helpers-7.29.7.tgz 8929ms (cache miss)
823 http fetch GET 200 https://registry.npmjs.org/@vitejs/plugin-react/-/plugin-react-4.3.4.tgz 9217ms (cache miss)
824 http fetch GET 200 https://registry.npmjs.org/vite/-/vite-5.4.14.tgz 9347ms (cache miss)
825 http fetch GET 200 https://registry.npmjs.org/caniuse-lite/-/caniuse-lite-1.0.30001810.tgz 10188ms (cache miss)
826 http fetch GET 200 https://registry.npmjs.org/@rollup/rollup-win32-x64-gnu/-/rollup-win32-x64-gnu-4.63.1.tgz 13838ms (cache miss)
827 http fetch GET 200 https://registry.npmjs.org/react-dom/-/react-dom-18.3.1.tgz 14881ms (cache miss)
828 http fetch GET 200 https://registry.npmjs.org/vite 28669ms (cache miss)
829 silly packumentCache corgi:https://registry.npmjs.org/vite set size:undefined disposed:false
830 silly packumentCache corgi:https://registry.npmjs.org/@vitejs%2fplugin-react cache-miss
831 http fetch GET 200 https://registry.npmjs.org/@vitejs%2fplugin-react 1732ms (cache miss)
832 silly packumentCache corgi:https://registry.npmjs.org/@vitejs%2fplugin-react set size:undefined disposed:false
833 http fetch GET 200 https://registry.npmjs.org/@esbuild/win32-x64/-/win32-x64-0.21.5.tgz 56786ms (cache miss)
834 info run esbuild@0.21.5 postinstall node_modules/esbuild node install.js
835 info run esbuild@0.21.5 postinstall { code: 0, signal: null }
836 warn cleanup Failed to remove some directories [
836 warn cleanup   [
836 warn cleanup     'C:\\Users\\G E N O\\Downloads\\dody-birth\\node_modules\\@rolldown\\.binding-win32-x64-msvc-ou7X49Sd',
836 warn cleanup     [Error: EPERM: operation not permitted, unlink 'C:\Users\G E N O\Downloads\dody-birth\node_modules\@rolldown\.binding-win32-x64-msvc-ou7X49Sd\rolldown-binding.win32-x64-msvc.node'] {
836 warn cleanup       errno: -4048,
836 warn cleanup       code: 'EPERM',
836 warn cleanup       syscall: 'unlink',
836 warn cleanup       path: 'C:\\Users\\G E N O\\Downloads\\dody-birth\\node_modules\\@rolldown\\.binding-win32-x64-msvc-ou7X49Sd\\rolldown-binding.win32-x64-msvc.node'
836 warn cleanup     }
836 warn cleanup   ]
836 warn cleanup ]
837 silly ADD node_modules/@types/estree
838 silly ADD node_modules/@rollup/rollup-win32-x64-msvc
839 silly ADD node_modules/@rollup/rollup-win32-x64-gnu
840 silly ADD node_modules/@esbuild/win32-x64
841 silly ADD node_modules/rollup
842 silly ADD node_modules/esbuild
843 silly ADD node_modules/escalade
844 silly ADD node_modules/loose-envify
845 silly ADD node_modules/yallist
846 silly ADD node_modules/ms
847 silly ADD node_modules/update-browserslist-db
848 silly ADD node_modules/node-releases
849 silly ADD node_modules/electron-to-chromium
850 silly ADD node_modules/caniuse-lite
851 silly ADD node_modules/baseline-browser-mapping
852 silly ADD node_modules/@types/babel__traverse
853 silly ADD node_modules/@types/babel__template
854 silly ADD node_modules/@types/babel__generator
855 silly ADD node_modules/@jridgewell/resolve-uri
856 silly ADD node_modules/@jridgewell/sourcemap-codec
857 silly ADD node_modules/@babel/helper-string-parser
858 silly ADD node_modules/@babel/helper-globals
859 silly ADD node_modules/@babel/helper-plugin-utils
860 silly ADD node_modules/@babel/helper-module-imports
861 silly ADD node_modules/lru-cache
862 silly ADD node_modules/browserslist
863 silly ADD node_modules/@babel/helper-validator-option
864 silly ADD node_modules/@babel/compat-data
865 silly ADD node_modules/jsesc
866 silly ADD node_modules/@jridgewell/trace-mapping
867 silly ADD node_modules/@jridgewell/gen-mapping
868 silly ADD node_modules/js-tokens
869 silly ADD node_modules/@babel/helper-validator-identifier
870 silly ADD node_modules/semver
871 silly ADD node_modules/json5
872 silly ADD node_modules/gensync
873 silly ADD node_modules/debug
874 silly ADD node_modules/convert-source-map
875 silly ADD node_modules/@jridgewell/remapping
876 silly ADD node_modules/@babel/types
877 silly ADD node_modules/@babel/traverse
878 silly ADD node_modules/@babel/template
879 silly ADD node_modules/@babel/parser
880 silly ADD node_modules/@babel/helpers
881 silly ADD node_modules/@babel/helper-module-transforms
882 silly ADD node_modules/@babel/helper-compilation-targets
883 silly ADD node_modules/@babel/generator
884 silly ADD node_modules/@babel/code-frame
885 silly ADD node_modules/react-refresh
886 silly ADD node_modules/@types/babel__core
887 silly ADD node_modules/@babel/plugin-transform-react-jsx-source
888 silly ADD node_modules/@babel/plugin-transform-react-jsx-self
889 silly ADD node_modules/@babel/core
890 silly REMOVE node_modules/detect-libc
891 silly CHANGE node_modules/@vitejs/plugin-react
892 silly CHANGE node_modules/react-dom
893 silly REMOVE node_modules/@rolldown/binding-win32-x64-msvc
894 silly REMOVE node_modules/@rolldown/pluginutils
895 silly REMOVE node_modules/@oxc-project/types
896 silly REMOVE node_modules/tinyglobby
897 silly CHANGE node_modules/vite
898 silly CHANGE node_modules/scheduler
899 silly CHANGE node_modules/react
900 silly REMOVE node_modules/rolldown
901 silly REMOVE node_modules/picomatch
902 silly REMOVE node_modules/lightningcss-win32-x64-msvc
903 silly REMOVE node_modules/lightningcss
904 silly REMOVE node_modules/fdir
905 warn install-scripts 1 package has install scripts not yet covered by allowScripts:
905 warn install-scripts   esbuild@0.21.5 (postinstall: node install.js)
905 warn install-scripts
905 warn install-scripts Run `npm install-scripts ls` to review, or `npm install-scripts approve <pkg>` to allow.
906 verbose cwd C:\Users\G E N O\Downloads\dody-birth
907 verbose os Windows_NT 10.0.19045
908 verbose node v26.7.0
909 verbose npm  v11.19.0
910 verbose exit 0
911 info ok
